likes,about_post,date,type,comments,tagged_names
2021647.0, taylorswift Verified ItonlytookonedaytoconfirmwhatIhadsuspectedforyears:PaulMcCartneyistheloveliestpersonalive.Thankyou formakingthishappen.TheMusiciansonMusiciansIssueisoutnowğŸ™ ğŸ“·: ,6 DAYS AGO,post,0,  @rollingstone @marymccartney 6d
2795944.0, taylorswift Verified Ispoketo aboutwhyIâ€™llbevotingforJoeBidenforpresident.Soaptthatitâ€™scomeoutonthenightoftheVPdebate.Gonnabewatchingandsupporting byyellingatthetvalot.AndIalsohavecustomcookiesğŸªğŸ’ªğŸ˜˜  ğŸ“· ,OCTOBER 8,post,0,  @vmagazine @kamalaharris @inezandvinoodh 6w
2291403.0, taylorswift Verified folkloredeluxeeditionfeaturingbonussongâ€œthelakesâ€isnowavailabletostream/downloadğŸŒŠ  ğŸ“·:BethGarrabrant 13w,AUGUST 18,post,0, 
1799708.0, taylorswift Verified cardiganâ€œcabinincandlelightâ€versionisoutnowğŸ•¯ 16w,JULY 30,post,0, 
2307651.0," taylorswift Verified Youcangetthebonussongâ€œthelakesâ€onthe8deluxeCDeditions,8deluxevinyleditions,andthecassetteeditionoffolklorethatareavailableattaylorswift.comğŸŒŠ  ğŸ“·:BethGarrabrant 17w",JULY 24,post,0, 
2077545.0," taylorswift Verified Iknewyoutriedtochangetheending,PeterlosingWendy.The#cardiganMusicVideoisoutnow. 17w",JULY 24,post,0, 
3233268.0," taylorswift Verified Inisolationmyimaginationhasrunwildandthisalbumistheresult,acollectionofsongsandstoriesthatflowedlikeastreamofconsciousness.Pickingupapenwasmywayofescapingintofantasy,history,andmemory.Iâ€™vetoldthesestoriestothebestofmyabilitywithallthelove,wonder,andwhimsytheydeserve.Nowitâ€™suptoyoutopassthemdown.folkloreisoutnow.  ğŸ“·:BethGarrabrant 17w",JULY 24,post,0, 
2592881.0," taylorswift Verified Themusicvideoforâ€œcardiganâ€willpremieretonight,whichIwrote/directed.Amillionthankyouâ€™stomybrilliant,badassvideoteam-cinematographerRodrigoPrieto,producerJilHardin,executiveproducerRebeccaSkinner,ADJoeâ€˜Ozâ€™Osbourne,editorChanclerHaynes,specialeffectswizardsDavidLebensfeld&GrantMiller,andsetdesignerEthanTobman.Theentireshootwasoverseenbyamedicalinspector,everyoneworemasks,stayedawayfromeachother,andIevendidmyownhair,makeup,andstylingğŸ˜‚ 17w",JULY 23,post,0, 
2614692.0," taylorswift Verified folklorewillhave16songsonthestandardedition,butthephysicaldeluxeeditionswillincludeabonustrackcalledâ€œthelakes.â€Becausethisismy8thstudioalbum,Imade8deluxeCDeditionsand8deluxevinyleditionsthatareavailableforoneweekğŸ˜„Eachdeluxeeditionhasuniquecovers,photos,andartwork.Availableexclusivelyattaylorswift.com 17w",JULY 23,post,0, 
3160200.0," taylorswift Verified MostofthethingsIhadplannedthissummerdidnâ€™tenduphappening,butthereissomethingIhadnâ€™tplannedonthatDIDhappen.Andthatthingismy8thstudioalbum,folklore.SurpriseğŸ¤—TonightatmidnightIâ€™llbereleasingmyentirebrandnewalbumofsongsIâ€™vepouredallofmywhims,dreams,fears,andmusingsinto.Iwroteandrecordedthismusicinisolationbutgottocollaboratewithsomemusicalheroesofmine; (whohasco-writtenorproduced11ofthe16songs), (whoco-wroteandwaskindenoughtosingononewithme),WilliamBowery(whoco-wrotetwowithme)and (whoisbasicallymusicalfamilyatthispoint).EngineeredbyLauraSiskandJonLow,mixedbySerbanGhenea&JonLow.Thealbumphotoswereshotbytheamazing BeforethisyearIprobablywouldâ€™veoverthoughtwhentoreleasethismusicattheâ€˜perfectâ€™time,butthetimesweâ€™relivinginkeepremindingmethatnothingisguaranteed.Mygutistellingmethatifyoumakesomethingyoulove,youshouldjustputitoutintotheworld.Thatâ€™sthesideofuncertaintyIcangetonboardwith.Loveyouguyssomuchâ™¥ï¸ 17w",JULY 23,post,0,  @aarondessner @boniver @jackantonoff @bethgarrabrant.
1144772.0," taylorswift Verified MostofthethingsIhadplannedthissummerdidnâ€™tenduphappening,butthereissomethingIhadnâ€™tplannedonthatDIDhappen.Andthatthingismy8thstudioalbum,folklore.SurpriseğŸ¤—TonightatmidnightIâ€™llbereleasingmyentirebrandnewalbumofsongsIâ€™vepouredallofmywhims,dreams,fears,andmusingsinto.Iwroteandrecordedthismusicinisolationbutgottocollaboratewithsomemusicalheroesofmine; (whohasco-writtenorproduced11ofthe16songs), (whoco-wroteandwaskindenoughtosingononewithme),WilliamBowery(whoco-wrotetwowithme)and (whoisbasicallymusicalfamilyatthispoint).EngineeredbyLauraSiskandJonLow,mixedbySerbanGhenea&JonLow.Thealbumphotoswereshotbytheamazing BeforethisyearIprobablywouldâ€™veoverthoughtwhentoreleasethismusicattheâ€˜perfectâ€™time,butthetimesweâ€™relivinginkeepremindingmethatnothingisguaranteed.Mygutistellingmethatifyoumakesomethingyoulove,youshouldjustputitoutintotheworld.Thatâ€™sthesideofuncertaintyIcangetonboardwith.Loveyouguyssomuchâ™¥ï¸ 17w",JULY 23,post,0,  @aarondessner @boniver @jackantonoff @bethgarrabrant.
1035277.0," taylorswift Verified MostofthethingsIhadplannedthissummerdidnâ€™tenduphappening,butthereissomethingIhadnâ€™tplannedonthatDIDhappen.Andthatthingismy8thstudioalbum,folklore.SurpriseğŸ¤—TonightatmidnightIâ€™llbereleasingmyentirebrandnewalbumofsongsIâ€™vepouredallofmywhims,dreams,fears,andmusingsinto.Iwroteandrecordedthismusicinisolationbutgottocollaboratewithsomemusicalheroesofmine; (whohasco-writtenorproduced11ofthe16songs), (whoco-wroteandwaskindenoughtosingononewithme),WilliamBowery(whoco-wrotetwowithme)and (whoisbasicallymusicalfamilyatthispoint).EngineeredbyLauraSiskandJonLow,mixedbySerbanGhenea&JonLow.Thealbumphotoswereshotbytheamazing BeforethisyearIprobablywouldâ€™veoverthoughtwhentoreleasethismusicattheâ€˜perfectâ€™time,butthetimesweâ€™relivinginkeepremindingmethatnothingisguaranteed.Mygutistellingmethatifyoumakesomethingyoulove,youshouldjustputitoutintotheworld.Thatâ€™sthesideofuncertaintyIcangetonboardwith.Loveyouguyssomuchâ™¥ï¸ 17w",JULY 23,post,0,  @aarondessner @boniver @jackantonoff @bethgarrabrant.
1067110.0," taylorswift Verified MostofthethingsIhadplannedthissummerdidnâ€™tenduphappening,butthereissomethingIhadnâ€™tplannedonthatDIDhappen.Andthatthingismy8thstudioalbum,folklore.SurpriseğŸ¤—TonightatmidnightIâ€™llbereleasingmyentirebrandnewalbumofsongsIâ€™vepouredallofmywhims,dreams,fears,andmusingsinto.Iwroteandrecordedthismusicinisolationbutgottocollaboratewithsomemusicalheroesofmine; (whohasco-writtenorproduced11ofthe16songs), (whoco-wroteandwaskindenoughtosingononewithme),WilliamBowery(whoco-wrotetwowithme)and (whoisbasicallymusicalfamilyatthispoint).EngineeredbyLauraSiskandJonLow,mixedbySerbanGhenea&JonLow.Thealbumphotoswereshotbytheamazing BeforethisyearIprobablywouldâ€™veoverthoughtwhentoreleasethismusicattheâ€˜perfectâ€™time,butthetimesweâ€™relivinginkeepremindingmethatnothingisguaranteed.Mygutistellingmethatifyoumakesomethingyoulove,youshouldjustputitoutintotheworld.Thatâ€™sthesideofuncertaintyIcangetonboardwith.Loveyouguyssomuchâ™¥ï¸ 17w",JULY 23,post,0,  @aarondessner @boniver @jackantonoff @bethgarrabrant.
1006305.0," taylorswift Verified MostofthethingsIhadplannedthissummerdidnâ€™tenduphappening,butthereissomethingIhadnâ€™tplannedonthatDIDhappen.Andthatthingismy8thstudioalbum,folklore.SurpriseğŸ¤—TonightatmidnightIâ€™llbereleasingmyentirebrandnewalbumofsongsIâ€™vepouredallofmywhims,dreams,fears,andmusingsinto.Iwroteandrecordedthismusicinisolationbutgottocollaboratewithsomemusicalheroesofmine; (whohasco-writtenorproduced11ofthe16songs), (whoco-wroteandwaskindenoughtosingononewithme),WilliamBowery(whoco-wrotetwowithme)and (whoisbasicallymusicalfamilyatthispoint).EngineeredbyLauraSiskandJonLow,mixedbySerbanGhenea&JonLow.Thealbumphotoswereshotbytheamazing BeforethisyearIprobablywouldâ€™veoverthoughtwhentoreleasethismusicattheâ€˜perfectâ€™time,butthetimesweâ€™relivinginkeepremindingmethatnothingisguaranteed.Mygutistellingmethatifyoumakesomethingyoulove,youshouldjustputitoutintotheworld.Thatâ€™sthesideofuncertaintyIcangetonboardwith.Loveyouguyssomuchâ™¥ï¸ 17w",JULY 23,post,0,  @aarondessner @boniver @jackantonoff @bethgarrabrant.
1078535.0," taylorswift Verified MostofthethingsIhadplannedthissummerdidnâ€™tenduphappening,butthereissomethingIhadnâ€™tplannedonthatDIDhappen.Andthatthingismy8thstudioalbum,folklore.SurpriseğŸ¤—TonightatmidnightIâ€™llbereleasingmyentirebrandnewalbumofsongsIâ€™vepouredallofmywhims,dreams,fears,andmusingsinto.Iwroteandrecordedthismusicinisolationbutgottocollaboratewithsomemusicalheroesofmine; (whohasco-writtenorproduced11ofthe16songs), (whoco-wroteandwaskindenoughtosingononewithme),WilliamBowery(whoco-wrotetwowithme)and (whoisbasicallymusicalfamilyatthispoint).EngineeredbyLauraSiskandJonLow,mixedbySerbanGhenea&JonLow.Thealbumphotoswereshotbytheamazing BeforethisyearIprobablywouldâ€™veoverthoughtwhentoreleasethismusicattheâ€˜perfectâ€™time,butthetimesweâ€™relivinginkeepremindingmethatnothingisguaranteed.Mygutistellingmethatifyoumakesomethingyoulove,youshouldjustputitoutintotheworld.Thatâ€™sthesideofuncertaintyIcangetonboardwith.Loveyouguyssomuchâ™¥ï¸ 17w",JULY 23,post,0,  @aarondessner @boniver @jackantonoff @bethgarrabrant.
1041422.0," taylorswift Verified MostofthethingsIhadplannedthissummerdidnâ€™tenduphappening,butthereissomethingIhadnâ€™tplannedonthatDIDhappen.Andthatthingismy8thstudioalbum,folklore.SurpriseğŸ¤—TonightatmidnightIâ€™llbereleasingmyentirebrandnewalbumofsongsIâ€™vepouredallofmywhims,dreams,fears,andmusingsinto.Iwroteandrecordedthismusicinisolationbutgottocollaboratewithsomemusicalheroesofmine; (whohasco-writtenorproduced11ofthe16songs), (whoco-wroteandwaskindenoughtosingononewithme),WilliamBowery(whoco-wrotetwowithme)and (whoisbasicallymusicalfamilyatthispoint).EngineeredbyLauraSiskandJonLow,mixedbySerbanGhenea&JonLow.Thealbumphotoswereshotbytheamazing BeforethisyearIprobablywouldâ€™veoverthoughtwhentoreleasethismusicattheâ€˜perfectâ€™time,butthetimesweâ€™relivinginkeepremindingmethatnothingisguaranteed.Mygutistellingmethatifyoumakesomethingyoulove,youshouldjustputitoutintotheworld.Thatâ€™sthesideofuncertaintyIcangetonboardwith.Loveyouguyssomuchâ™¥ï¸ 17w",JULY 23,post,0,  @aarondessner @boniver @jackantonoff @bethgarrabrant.
1105856.0," taylorswift Verified MostofthethingsIhadplannedthissummerdidnâ€™tenduphappening,butthereissomethingIhadnâ€™tplannedonthatDIDhappen.Andthatthingismy8thstudioalbum,folklore.SurpriseğŸ¤—TonightatmidnightIâ€™llbereleasingmyentirebrandnewalbumofsongsIâ€™vepouredallofmywhims,dreams,fears,andmusingsinto.Iwroteandrecordedthismusicinisolationbutgottocollaboratewithsomemusicalheroesofmine; (whohasco-writtenorproduced11ofthe16songs), (whoco-wroteandwaskindenoughtosingononewithme),WilliamBowery(whoco-wrotetwowithme)and (whoisbasicallymusicalfamilyatthispoint).EngineeredbyLauraSiskandJonLow,mixedbySerbanGhenea&JonLow.Thealbumphotoswereshotbytheamazing BeforethisyearIprobablywouldâ€™veoverthoughtwhentoreleasethismusicattheâ€˜perfectâ€™time,butthetimesweâ€™relivinginkeepremindingmethatnothingisguaranteed.Mygutistellingmethatifyoumakesomethingyoulove,youshouldjustputitoutintotheworld.Thatâ€™sthesideofuncertaintyIcangetonboardwith.Loveyouguyssomuchâ™¥ï¸ 17w",JULY 23,post,0,  @aarondessner @boniver @jackantonoff @bethgarrabrant.
2216802.0," taylorswift Verified MostofthethingsIhadplannedthissummerdidnâ€™tenduphappening,butthereissomethingIhadnâ€™tplannedonthatDIDhappen.Andthatthingismy8thstudioalbum,folklore.SurpriseğŸ¤—TonightatmidnightIâ€™llbereleasingmyentirebrandnewalbumofsongsIâ€™vepouredallofmywhims,dreams,fears,andmusingsinto.Iwroteandrecordedthismusicinisolationbutgottocollaboratewithsomemusicalheroesofmine; (whohasco-writtenorproduced11ofthe16songs), (whoco-wroteandwaskindenoughtosingononewithme),WilliamBowery(whoco-wrotetwowithme)and (whoisbasicallymusicalfamilyatthispoint).EngineeredbyLauraSiskandJonLow,mixedbySerbanGhenea&JonLow.Thealbumphotoswereshotbytheamazing BeforethisyearIprobablywouldâ€™veoverthoughtwhentoreleasethismusicattheâ€˜perfectâ€™time,butthetimesweâ€™relivinginkeepremindingmethatnothingisguaranteed.Mygutistellingmethatifyoumakesomethingyoulove,youshouldjustputitoutintotheworld.Thatâ€™sthesideofuncertaintyIcangetonboardwith.Loveyouguyssomuchâ™¥ï¸ 17w",JULY 23,post,0,  @aarondessner @boniver @jackantonoff @bethgarrabrant.
1322822.0," taylorswift Verified MostofthethingsIhadplannedthissummerdidnâ€™tenduphappening,butthereissomethingIhadnâ€™tplannedonthatDIDhappen.Andthatthingismy8thstudioalbum,folklore.SurpriseğŸ¤—TonightatmidnightIâ€™llbereleasingmyentirebrandnewalbumofsongsIâ€™vepouredallofmywhims,dreams,fears,andmusingsinto.Iwroteandrecordedthismusicinisolationbutgottocollaboratewithsomemusicalheroesofmine; (whohasco-writtenorproduced11ofthe16songs), (whoco-wroteandwaskindenoughtosingononewithme),WilliamBowery(whoco-wrotetwowithme)and (whoisbasicallymusicalfamilyatthispoint).EngineeredbyLauraSiskandJonLow,mixedbySerbanGhenea&JonLow.Thealbumphotoswereshotbytheamazing BeforethisyearIprobablywouldâ€™veoverthoughtwhentoreleasethismusicattheâ€˜perfectâ€™time,butthetimesweâ€™relivinginkeepremindingmethatnothingisguaranteed.Mygutistellingmethatifyoumakesomethingyoulove,youshouldjustputitoutintotheworld.Thatâ€™sthesideofuncertaintyIcangetonboardwith.Loveyouguyssomuchâ™¥ï¸ 17w",JULY 23,post,0,  @aarondessner @boniver @jackantonoff @bethgarrabrant.
1064995.0," taylorswift Verified Iâ€™maskingtheCapitolCommissionandtheTennesseeHistoricalCommissiontopleaseconsidertheimplicationsofhowhurtfulitwouldbetocontinuefightingforthesemonuments.Whenyoufighttohonorracists,youshowblackTennesseansandalloftheirallieswhereyoustand,andyoucontinuethiscycleofhurt.Youcanâ€™tchangehistory,butyoucanchangethis.ğŸ™ 22w",JUNE 13,post,0, 
1593682.0, taylorswift Verified BlackLivesMatterğŸ–¤ğŸ–¤ğŸ–¤ğŸ–¤ğŸ–¤ğŸ–¤ğŸ–¤ğŸ–¤ğŸ–¤ğŸ–¤ğŸ–¤ğŸ–¤ğŸ–¤ #BlackoutTuesday 24w,JUNE 2,post,0, 
3304043.0, taylorswift Verified StokedtoreliveourParisshowtonightwhentheCityofLoverconcertairsat10pmET/9pmCTon -thentomorrowon and ğŸ’•ItwasthebestalbumreleasepartyIcouldâ€™vewishedforğŸ˜†âœ¨ğŸ’ğŸ†ğŸ•¶loveyouguysğŸ’‹ 26w,MAY 17,post,0,  @abcnetwork @hulu @disneyplus
2049657.0, taylorswift Verified whenyouâ€™reproudofyourbunssoyoupostthemontheinternet 27w,MAY 15,post,0, 
1677409.0," taylorswift Verified Myconversationswithmymomhavealwaysbeenandwillalwaysbesomeofmyfavoritememories-fromwhenIwas10monthsoldinthisvideofromOctober1990tonowtalkingeverydayonthephone.Ourtalksareeverythingtome.MyyyyyyyygoodnessIloveyouMom.HappyMotherâ€™sDay.ğŸ’PSforthoseofyouwhoareseparatedfromyourlovedonesorstrugglingwiththisday,myheartiswithyouğŸ’— 27w",MAY 11,post,0, 
2938413.0, taylorswift Verified ğŸ·ğŸbiiigisolationğŸğŸ· 28w,MAY 7,post,0, 
4261714.0, taylorswift Verified Notalotgoingonatthemoment 29w,APRIL 28,post,0, 
1932112.0, taylorswift Verified CaptainOliviaBensonoffdutylike- 30w,APRIL 23,post,0, 
2313052.0," taylorswift Verified Itâ€™sNationalSiblingsDay!Mybrother isoneofmybestpals,andIâ€™mreallyproudofhimbecauseheâ€™sinafilmthatcameouttodaycalledWeSummonTheDarkness(whichhealsoco-produced).PhotobyGigi.Myfacialexpressionby3glassesofwine. #nationalsiblingsday 31w",APRIL 10,post,0,  @austinkingsleyswift
2070275.0," taylorswift Verified ForMeredith,selfquarantiningisawayoflife.BelikeMeredith. 35w",MARCH 17,post,0, 
1584595.0," taylorswift Verified Morethankyouâ€™s...ChanclerHaynesisaneditingextraordinaire.StephenGallowayandSpenserThebergeweremymovementcoachesandtaughtmehowtosmoke,slouch,walkandactlikeatoxicbro.DavidLebensfeldandGrantMilleracedthatVFXmagic.ShoutouttoRebeccaSkinnerforbeingthebestexecutiveproducera(wo)mancouldaskfor. Icanâ€™tbelieveIgettoworkwiththeselegends.HavingalittlemomentoverhereğŸ¥ºğŸ’“ 38w",FEBRUARY 28,post,0, 
1745364.0," taylorswift Verified Iwanttosayamassivethankyoutomymainteaminputtingthiswholethingtogether:JilHardin,ourproducer,workedtirelesslyandtrulymademefeellikeIcoulddothis.Joeâ€˜Ozâ€™Osborne,ourexcellentAD,andIhaveworkedtogetherforyearsandheâ€™sthecoolest.RodrigoPrieto,ourDP/cinematographer,isabsolutelybrilliantanddowntoearthandhilarious.EthanTobmancreatedallthosesets.Like,thatwasnâ€™tarealyacht.Thatâ€™showgoodheis.ğŸ¤¯ğŸ‘ 38w",FEBRUARY 28,post,0, 
1102612.0," taylorswift Verified Alongsideeverygreat(the)manisateamofhardworkingcreativeswhomadethisthinghappen.BillCorso&hisincredibleteamandIhaveworkedtogetherbefore,turningmeintoazombie..butconvincingasignificantamountofpeopleIwasadudeisourcrowningachievement.Between4-6hoursinthemakeupchaireverydaywiththesegeniuses.Thankyou andallwhoworkedsohardonthistransformationğŸ™ğŸ™ğŸ™ 38w",FEBRUARY 28,post,0,  @bcorso
1725710.0, taylorswift Verified JustsittinghereponderinghowhappyIamthatTheManmusicvideoisOUT.Iwanttosaythankyoutosomanypeople-Gottathank forvoicingTheManandforbeingsosupportiveofmymusicforyears(andnowmydirectorialdebut!)-itâ€™ssocooltohaveyoubeapartofthis!!Thankyou and foryouramazingandhilariousreactions-and youreyerollreallywasaStOnIsHiNgğŸ¥°ğŸ˜˜ğŸ’—Mydadmakinghisactingdebutasâ€˜unimpressedumpireâ€™isamemoryIâ€™llalwayscherish.ThankyoutotheentirecastandcrewforhelpingmebecomethemanIalwaysknewIcouldbeğŸ˜‚ 38w,FEBRUARY 27,post,0,  @therock @jaydenbartels @dominic_toliver @loren
1361835.0, taylorswift Verified Mandown.Afteramassivemantrum.ğŸ¾#TheManMusicVideoisoutnow! 38w,FEBRUARY 27,post,0, 
1381293.0, taylorswift Verified TheMan-LiveFromParisâœ¨Song/videotonightatMidnightET 39w,FEBRUARY 17,post,0, 
2121984.0, taylorswift Verified ğŸ¶IenjoynightsinBrixtonğŸ¶...butespeciallywhentheyâ€™relikelastnight- youreallyknowhowtohaveagoodtime.Met  and whoareamazing.Gottotell sheâ€™sthemelodyqueenofmymusicalheart.Igotsprayedbychampagnewhenpeoplewon&gottotakeanothermiddlefingertrophyhometothefelines.Thanksforhavingme!!ğŸ‡¬ğŸ‡§ğŸ¾ğŸ¥‚ ğŸ“·:  ,FEBRUARY 14,post,0,  @nmemagazine @clairo @radvxz @fkatwigs @robynkonichiwa @gettyentertainment @hogieaaa__ 40w
2318723.0," taylorswift Verified Iâ€™mproudtoextendmypartnershipwithLucianGraingeandtheUniversalMusicfamilybysigningwithUniversalMusicPublishingGroup,andfortheopportunitytoworkwithJodyGerson,thefirstwomantorunamajormusicpublishingcompany.Jodyisanadvocateforwomenâ€™sempowermentandoneofthemost-respectedandaccomplishedindustryleaders.TroyTomlinsonhasbeenanamazingpartofmyteamforoverhalfmylifeandapassionatetorchbearerforsongwriters.Itâ€™sanhonortogettoworkwithsuchanincredibleteam,especiallywhenitcomestomyfavoritethingintheworld:songwriting.ğŸ¶ğŸ˜„&swipephotostoseeoneofmyotherfavthings:afluffyfloofycat. 41w",FEBRUARY 6,post,0, 
1622146.0, taylorswift Verified Soitâ€™sfinallyout!#MissAmericanaison andIâ€™mreallyexcitedforyoutoseeit.Iwanttothank forherendlesscuriosityandforwantingtomakethisfilm.Itâ€™sprettywildtobesharingthismuchofmylifebecauseitâ€™sprettyscarytobevulnerable!(understatementofthecentury)ButIâ€™malsosogratefultothecriticsandjournalistswhohavesothoughtfullywatchedandreflectedonthefilm.ğŸ™ğŸŒ¯ğŸ±ğŸ’ğŸ¶ 41w,JANUARY 31,post,0,  @netflixfilm @lanawilson
1759842.0, taylorswift Verified â˜ƒï¸â„ï¸Sundancewasassnowyandfunasthisphotoshootforeshadowedâ„ï¸â˜ƒï¸Thankyousomuch   forthiscover/interviewand fortakingthesepics.Canâ€™twaitforJan31when#MissAmericanacomesouton ! 42w,JANUARY 28,post,0,  @variety @willman.chris @shirleyhalperin @maryellenmatthewsnyc @netflix
1766728.0, taylorswift Verified MissAmericanağŸ¬January31on ,JANUARY 16,post,0,  @netflixfilm 44w
1467542.0, taylorswift Verified Walkedintothestudiotoasurprisebirthdaypartyfromthesetwo & -itâ€™sequallywildandcozytothinkitwasthethreeofusinaroommakingasongcalledLoverherelastyear.â™¥ï¸ 48w,"DECEMBER 18, 2019",post,0,  @jackantonoff @sharp_stick
2775189.0," taylorswift Verified Clawsout,kitties.ğŸˆ 48w","DECEMBER 17, 2019",post,0, 
1226149.0, taylorswift Verified Iâ€™mecstatictotellyouthatIâ€™llbeheadliningGlastonburyonits50thanniversary-Seeyouthere!ğŸ’‹ 48w,"DECEMBER 15, 2019",post,0, 
1504434.0," taylorswift Verified Honestlyspendingmy30thwiththefanswhohavemademylifewhatitisatjingleball,thenthrowingthemostaggressiveholidaypartyknowntowomankind...Ijust..seriouslyfeelsoluckyforyouallandwillspendforevertryingtofindwaystosaythankyou.*criesinChristmastree* 48w","DECEMBER 14, 2019",post,0, 
1748974.0, taylorswift Verified HappybirthdaybutmakeitsantağŸ… 48w,"DECEMBER 14, 2019",post,0, 
2355468.0, taylorswift Verified FurrealguysthiswasmycakeğŸ‚ 48w,"DECEMBER 14, 2019",post,0, 
2680461.0, taylorswift Verified WHOâ€™SGONNATELLHERSHEâ€™STHIRTAYNOWğŸ§ 49w,"DECEMBER 13, 2019",post,0, 
1975219.0," taylorswift Verified Whenyouâ€™reprettttttysurethatifyouwereaman,youâ€™dbethemanğŸ’… 49w","DECEMBER 12, 2019",post,0, 
1632412.0, taylorswift Verified Ifitdonâ€™tfitsIstillsits-smallwoodenboxeditionğŸ’‹ 49w,"DECEMBER 12, 2019",post,0, 
1347492.0, taylorswift Verified HEYTHANKSBILLBOARDğŸ™itwasawholeentirepartychattingwith and killeditwiththesephotos!!Thankyousomuchforthishonor.ğŸ˜¸ 49w,"DECEMBER 12, 2019",post,0,  @jasonlipshutz @samidrasin
2052889.0," taylorswift Verified Throwbacktomyfirstdayonthesetof Basically,BombalurinaisoneofthosereallymischievouscatsyouseeininternetvideoswhohasfiguredouthowtoopenhumandoorsğŸšª 49w","DECEMBER 10, 2019",post,0,  @catsmovie.
1491724.0," taylorswift Verified IwokeuptodaytothenewsthatBeautifulGhostsisnominatedforaGoldenGlobe-itâ€™ssocoolthatoneofthemostfun,fulfillingcreativeexperiencesIâ€™veeverhadisbeinghonoredinthiswaybytheHFPA.Iendedupspendingmanydaysonsetwatchingtheotherperformersdotheirscenes.WatchingthecharacterVictoria,playedby inspiredmesomuchandBeautifulGhostswastheresult.Congratstomyco-writerandbuddy4lifeAndrewLloydWebber.Thisisjustpurrfect.ğŸ˜¸ 49w","DECEMBER 9, 2019",post,0,  @frankiegoestohayward
1678370.0, taylorswift Verified HereweareonsaidXmastreefarm.AndIjustwanttosaythatmyparentsarethereal90â€™sfashionicons.Ihavespoken. 49w,"DECEMBER 7, 2019",post,0, 
1445724.0," taylorswift Verified IactuallydidgrowuponaChristmastreefarm.Inagingerbreadhouse,deepwithintheyummygummygumdropforest.Where,funnilyenough,thissongistheirnationalanthem.#ChristmasTreeFarmsongandvideooutnowğŸ„ 50w","DECEMBER 6, 2019",post,0, 
2371349.0, taylorswift Verified SockAppreciationPostğŸ§¦ 50w,"DECEMBER 4, 2019",post,0, 
3105116.0, taylorswift Verified ThisistheonefaceImadethatday 50w,"DECEMBER 1, 2019",post,0, 
1963047.0, taylorswift Verified Boredgirlattheholidayparty. 50w,"DECEMBER 1, 2019",post,0, 
2060321.0," taylorswift Verified HEY Itâ€™salwaysadreamscapeofcreativityandhilarityworkingwithEdward-butputtinghimtogetherwithPat=thefunniestwildestshootIâ€™veeverbeenonğŸ˜¹Lovethisteam,sogratefulforeveryoneinvolved    and ","DECEMBER 1, 2019",post,0,"  @britishvogue!! @Edward_Enninful, @CraigMcDeanStudio, @GuidoPalau, @PatMcGrathReal @JillDemling 50w"
2235940.0, taylorswift Verified IwasuptherebecauseofyouandIknowthateveryminuteofeverydayâ¤ï¸photobyğŸ“¸  ,"NOVEMBER 25, 2019",post,0,  @kevincwinter @gettyentertainment 51w
2370849.0, taylorswift Verified âœ…ğŸ’šâœ³ï¸  ,"NOVEMBER 25, 2019",post,0,  @kevinmazur @johnshearer 51w
3034528.0, taylorswift Verified HiguyshaveItoldyoulatelythatILOVEYOU ğŸ“¸  ,"NOVEMBER 25, 2019",post,0,  @kevinmazur @gettyentertainment 51w
3207357.0, taylorswift Verified WemadereallifeversionsofthesnowglobefromtheLovervideobecauseofcoursewedid. 51w,"NOVEMBER 23, 2019",post,0, 
2197436.0, taylorswift Verified Accordingtomyjetlagitisonehundredoclockcelsius. 53w,"NOVEMBER 12, 2019",post,0, 
1965449.0, taylorswift Verified Dressingroomislit 53w,"NOVEMBER 11, 2019",post,0, 
2065918.0," taylorswift Verified Ifitdonâ€™tfits,Istillsits. 53w","NOVEMBER 10, 2019",post,0, 
1825273.0, taylorswift Verified ğŸ¬ğŸ’•prettycityğŸ­ğŸŒ¸ 53w,"NOVEMBER 9, 2019",post,0, 
1514283.0, taylorswift Verified EarringsaidSMILEbutIstaysmirking.ğŸ˜ 54w,"NOVEMBER 7, 2019",post,0, 
2292070.0, taylorswift Verified YacouldIgetthesetogo? 54w,"NOVEMBER 7, 2019",post,0, 
1561008.0, taylorswift Verified ğŸ’—TokyoisforLoversğŸ’— ğŸ“·:KayokoYamamoto 54w,"NOVEMBER 7, 2019",post,0, 
1845991.0, taylorswift Verified S/Otoallthemomswhoseadultdaughtersaskthemtotakeapicinahotelhallwaybctheyâ€™refeelingtheiroutfit-youâ€™retherealmvpsğŸ… 54w,"NOVEMBER 7, 2019",post,0, 
1985880.0, taylorswift Verified HavearrivedinthelandofcatcafesandeternalcutenessTOKYOHIğŸ’•ğŸŒ¸ğŸ­ğŸ¬ğŸ†Iâ€™mofftostareintopastelaquariumsandhugallthepeopleCANâ€™TWAITTOSEEYOUGUYSLATER! 54w,"NOVEMBER 6, 2019",post,0, 
2081742.0," taylorswift Verified Hugyourcattoday.Ordonâ€™t,ifyourcathateshugs.Butanyway.Happy#NationalCatDayfromme,Olivia,Meredith,andBenjamin.ğŸ˜¸ğŸ˜¸ğŸ˜¸ğŸ‘±ğŸ»â€â™€ï¸ 55w","OCTOBER 30, 2019",post,0, 
2451888.0," taylorswift Verified Isaidinaninterview13yearsago""I'mjusthopingthatIhaveasecondalbumthatdoesaswellasthefirstandsomedaygettobeaheadliner,andalwaysbethesamepersonthatIstartedoutas.â€Scrollingthroughyourpoststodayhasmefeelingallthefeelings&Iwanttothankyou.Becauseofyou,therewasa2nd3rd4th5th6thand7thalbum.Youguysmademeintoaheadlinerbecauseyouwantedtoseemeplay.Andyoursupportalltheseyearsiswhatâ€™shelpedmestaytruetothatkidIwaswhenIstartedout.#13yearsoftaylorswift 56w","OCTOBER 25, 2019",post,0, 
1359913.0," taylorswift Verified Tinydesk,BIGmood.Thankyou forthatawesomeexperience,Icanâ€™twaittoreliveitwhen#tinydeskcomesout! ğŸ“·: ","OCTOBER 11, 2019",post,0,  @npr @tinydesk 57w
1254266.0, taylorswift Verified ğŸ’›ğŸ’šğŸ’œğŸ’—ğŸ’œğŸ’šğŸ’› 58w,"OCTOBER 9, 2019",post,0, 
1323975.0," taylorswift Verified HadthebesttimeplayingLoveronSNLexactlythewayIwroteit,onpianoinaquietmoment.AndahugethankyoutoLennyPickettforplayingwithusonFalseGodğŸ·!!Phoebewasexcellentashostand oneofmyfavoritephotographers,isalwayssoawesometoworkwith.MakesuretowatchCamilanextweek!! 58w","OCTOBER 7, 2019",post,0,"  @maryellenmatthewsnyc,"
1425928.0, taylorswift Verified Threwoutourcloaksandourdaggersbecauseitâ€™smorningnow..ğŸ’œ 60w,"SEPTEMBER 21, 2019",post,0, 
1102742.0, taylorswift Verified Ioncebelievedlovewouldbeburningredâ™¥ï¸ 61w,"SEPTEMBER 19, 2019",post,0, 
1384301.0," taylorswift Verified Itâ€™sblue,thefeelingIgotğŸ’™ 61w","SEPTEMBER 18, 2019",post,0, 
1653867.0," taylorswift Verified Itâ€™sgolden,likedaylightğŸ’› 61w","SEPTEMBER 18, 2019",post,0, 
1402732.0," taylorswift Verified Ihadnâ€™tdoneaRollingStonecoverin5years,andhadnâ€™tseen sinceIgotin2carcrasheswhiledrivinghimaroundduringourinterviewin2012.ğŸ¤¦â€â™€ï¸Therewerenocarsdriventhistime,butwehadalottocatchupon.Thankyou andBrianforeverythingyoudidtomakethiscoverhappen.And fortakingthesephotos,absolutelylovedworkingwithyou! 61w","SEPTEMBER 18, 2019",post,0,  @hiattb @rollingstone @erikmadiganheck
1118507.0," taylorswift Verified Forme,theLoveralbumisopenfieldsandsunsetsandSUMMER.Iwanttocelebratethealbumandperformitlivewithyouinawaythatfeelsauthentictothemusic.IwanttogotosomeplacesIhavenâ€™tbeen,andplayfestivalsforthefirsttimeinages...andwherewedidnâ€™thavefestivals,wemadesome.Introducing,LoverFestEastandWest.Detailsandadditionaldatescomingsoon!TaylorSwift.com 61w","SEPTEMBER 17, 2019",post,0, 
1061898.0," taylorswift Verified GottoplaysomenewsongsfromLoveracoustictonight,thiswassuchanawesomewaytocelebratethisalbumfinallybeingoutintheworldğŸ¥° ğŸ“·: ","SEPTEMBER 10, 2019",post,0,  @hogieaaa__ 62w
1500648.0, taylorswift Verified TonightinParis!!!ThankyoutoeveryonewhoflewfromallovertheworldtobeattheCityofLoverConcert!ğŸ’—ğŸ’—ğŸ’— ğŸ“·: ,"SEPTEMBER 10, 2019",post,0,  @hogieaaa__ 62w
1339559.0, taylorswift Verified LikeaTennesseeStellaMcCartneyğŸ’˜Thefull#StellaxTaylorSwiftlineisavailableuntilmidnighteasterntonight! 64w,"AUGUST 29, 2019",post,0, 
676795.0, taylorswift Verified ThankyouğŸ’•ğŸ’•ğŸ’•ğŸ’•ğŸ’•ğŸ’•ğŸ’•ğŸ’•ğŸ’•ğŸ’•ğŸ’•ğŸ’•ğŸ’• 64w,"AUGUST 28, 2019",post,0, 
688983.0, taylorswift Verified ThankyouğŸ’˜ğŸ’˜ğŸ’˜ğŸ’˜ğŸ’˜ğŸ’˜ğŸ’˜ğŸ’˜ğŸ’˜ğŸ’˜ğŸ’˜ğŸ’˜ğŸ’˜ 64w,"AUGUST 28, 2019",post,0, 
816969.0, taylorswift Verified ThankyouğŸ’—ğŸ’—ğŸ’—ğŸ’—ğŸ’—ğŸ’—ğŸ’—ğŸ’—ğŸ’—ğŸ’—ğŸ’—ğŸ’—ğŸ’— 64w,"AUGUST 28, 2019",post,0, 
1329945.0," taylorswift Verified Thereâ€™sadazzlinghaze,amysteriouswayaboutyoudear... ğŸ“·:  ","AUGUST 28, 2019",post,0,  @johnshearer @gettyentertainment 64w
1718648.0," taylorswift Verified Thankyoutothefanswhovoted,ourexcellentcast, , andeveryonewhoworkedsohardontheYouNeedtoCalmDownvideo. VideooftheYearğŸ¤¯IMEANJUSTWOWGUYSYOUDIDTHATHUHğŸ™ğŸ™ğŸ‰ ğŸ“·: // ","AUGUST 28, 2019",post,0,  @todrick @drewkirsch @vmas @kevinmazur @gettyentertainment 64w
1231098.0, taylorswift Verified Hadtogoseethemuralinpersonanditturnsoutsheâ€™sGLORIOUS.Thankyou itâ€™sbeenanhonorrevealingnewlyricswithyouallweekğŸ¥° ğŸ“·:  ,"AUGUST 24, 2019",post,0,"  @spotify, @kevinmazur @gettyentertainment 64w"
1553870.0," taylorswift Verified AndIsnuckinthroughthegardengate,everynightthatsummerjusttosealmyfate//StreamLoveron ","AUGUST 23, 2019",post,0,  @youtubemusic! 64w
2083590.0," taylorswift Verified Thisalbumisverymuchacelebrationoflove,inallitscomplexity,coziness,andchaos.Itâ€™sthefirstalbumofminethatIâ€™veeverowned,andIcouldnâ€™tbemoreproud.Iâ€™msoexcitedthatLoverisoutNOW. 65w","AUGUST 23, 2019",post,0, 
1550826.0," taylorswift Verified Andsoitgoes,youtwoaredancinginasnowgloberoundandround...TheLovermusicvideoisoutnow! 65w","AUGUST 23, 2019",post,0, 
1310480.0, taylorswift Verified Afunthingishappening!LearnhowtoremixYouNeedtoCalmDowninselectAppleStoresatthe#todayatappleMusicLab.ğŸ¶ apple.com/today ,"AUGUST 22, 2019",post,0,  @applemusic 65w
1544440.0, taylorswift Verified #StellaxTaylorSwiftiscomingsoonğŸ’˜Itâ€™sbeenSOmuchfuntowork/dreamupcutestuffwithmyfriend tocreatealineinspiredbymynewalbumLover.Canâ€™twaittoshowyouwhatwe'vebeenworkingonandtellyoumoreaboutthepopupshopatthe LiveeventthisThursdayat5pET!SignuptoreceivemoreinfoatTaylorSwift.comandStellaMcCartney.com 65w,"AUGUST 21, 2019",post,0,  @stellamccartney @YouTube
1634376.0, taylorswift Verified OkayNOWtherearefiveholesinthefenceğŸ˜¬ğŸ˜ºğŸ’‹ 65w,"AUGUST 18, 2019",post,0, 
1157028.0," taylorswift Verified LoverğŸ’•Friday,August23.Pre-add,pre-save,pre-orderatthelinkinmybio. 65w","AUGUST 17, 2019",post,0, 
961642.0," taylorswift Verified LoverğŸ’•Friday,August23.Pre-add,pre-save,pre-orderatthelinkinmybio. 65w","AUGUST 17, 2019",post,0, 
855262.0," taylorswift Verified LoverğŸ’•Friday,August23.Pre-add,pre-save,pre-orderatthelinkinmybio. 65w","AUGUST 17, 2019",post,0, 
1963531.0, taylorswift Verified Thereâ€™sadazzlinghaze... 65w,"AUGUST 17, 2019",post,0, 
990541.0, taylorswift Verified ğŸ’—ğŸ’—ğŸ’—ğŸ’—ğŸ’—ğŸ’—ğŸ’—ğŸ’—ğŸ’—ğŸ’— 66w,"AUGUST 13, 2019",post,0, 
1407206.0, taylorswift Verified Thethirteensreallyjumpedout. ğŸ“¸ ,"AUGUST 12, 2019",post,0,  @ğŸ’—alexmorgan13 @kevinmazur 66w
1471076.0, taylorswift Verified ThrewapartytocelebratewiththepeoplewhomadetheME!&YNTCDvideoswithme-andwehadsomuchfunthatâ€˜DrunkTaylorâ€™istrendingonTwitter.CHEERS.ğŸ˜†ğŸ¾ğŸ‘ğŸ‘ 66w,"AUGUST 12, 2019",post,0, 
1245595.0, taylorswift Verified ğŸŒ´ğŸŒ´ğŸŒ´ğŸŒ´ğŸŒ´ğŸŒ´ğŸŒ´ğŸŒ´ğŸŒ´ğŸŒ´ğŸŒ´ğŸŒ´ğŸŒ´ 66w,"AUGUST 11, 2019",post,0, 
2047959.0, taylorswift Verified Canâ€™tstopwonâ€™tstoptwinningwithPaddington.ğŸ» 67w,"AUGUST 9, 2019",post,0, 
1457565.0, taylorswift Verified Iâ€™dbeafearlessleader.Iâ€™dbeanalphatype. 67w,"AUGUST 9, 2019",post,0, 
1566291.0, taylorswift Verified ğŸ’˜ 67w,"AUGUST 8, 2019",post,0, 
1686793.0," taylorswift Verified Wantedtothank forwritingsuchathoughtfulpieceandfordivingintomypastelcrypticworldofhints,Eastereggs,andnumerology.Wealsotalkedaboutsexism,equality,andallthingsLover.Iateanentirecheeseplatebymyself.Onstandssoon-ish. 67w","AUGUST 8, 2019",post,0,  @abbyaguirre
1846962.0," taylorswift Verified Myheartâ€™sbeenborrowedandyourshasbeenblue.Allâ€™swellthatendswell,toendupwithyou.ğŸ’™ 67w","AUGUST 8, 2019",post,0, 
1554313.0," taylorswift Verified WELLSOTHISISATHINGTHATâ€™SHAPPENING.Septemberissueof andIâ€™msososogratefultoAnna,  andbasicallyanyonewhowaslikeâ€˜yeahshecanbeontheSeptissuecoverâ€™.Whatanamazingexperienceshootingwith ","AUGUST 8, 2019",post,0,"  @voguemagazine @tonnegood, @sergiokletnoy @inezandvinoodh. 67w"
1086775.0, taylorswift Verified ğŸ’• 67w,"AUGUST 8, 2019",post,0, 
1129688.0, taylorswift Verified ğŸ’• 67w,"AUGUST 6, 2019",post,0, 
1273051.0, taylorswift Verified ğŸ’• 67w,"AUGUST 3, 2019",post,0, 
1611561.0, taylorswift Verified WhatifIâ€™malrightrighthere? 69w,"JULY 26, 2019",post,0, 
1199854.0, taylorswift Verified Iâ€™vebeenthearcher Iâ€™vebeentheprey Whocouldeverleavemedarling... Butwhocouldstay? 69w,"JULY 24, 2019",post,0, 
1980550.0, taylorswift Verified Catladythirsttrap 70w,"JULY 13, 2019",post,0, 
2156327.0," taylorswift Verified Thisnightisâœ¨sparklingâœ¨Thankyou forhavingmeandtheincredible  and Thankyousomuchforwatchingitonlineorbeingthere,Iloveyouguysmorethanwordscansay,butIâ€™llalwaystry.Firstphototakenbythelovely ğŸ’•secondoneby /GettyImagesğŸ˜ƒ 71w","JULY 11, 2019",post,0,"  @amazonmusic @dualipa, @iambeckyg @sza. @sofiajain @kevinmazur"
2527625.0, taylorswift Verified âœŒï¸FridaycalmnessâœŒï¸ 72w,"JUNE 28, 2019",post,0, 
1513480.0, taylorswift Verified SomeofushadchampagneonsetanditshowsğŸ¥‚ 74w,"JUNE 18, 2019",post,0, 
1653326.0," taylorswift Verified Justlikemylife,thisvideowasco-executiveproducedby ğŸ˜¸ 74w","JUNE 17, 2019",post,0,  @todrick
2982192.0, taylorswift Verified AhappymealğŸ”ğŸŸğŸ’— 74w,"JUNE 17, 2019",post,0, 
812179.0, taylorswift Verified Teatime!Mondaymorning!ğŸ’• 74w,"JUNE 16, 2019",post,0, 
974362.0, taylorswift Verified WeallgotcrownsğŸ‘‘ğŸ’• 74w,"JUNE 15, 2019",post,0, 
837023.0, taylorswift Verified Canyoujustnotsteponourgowns?ğŸ’ƒ 74w,"JUNE 15, 2019",post,0, 
977785.0, taylorswift Verified AdeliciousnewvideocomesoutMondaymorning...ğŸ’—ğŸ‚ğŸ’— 74w,"JUNE 14, 2019",post,0, 
1573501.0, taylorswift Verified Gxgjxkhdkdkydkhdkhfjvjfj 75w,"JUNE 14, 2019",post,0, 
788108.0, taylorswift Verified Therewerefivepostsinthefence. 75w,"JUNE 14, 2019",post,0, 
2094994.0," taylorswift Verified Lover,albumoutAugust23.Covershotbytheartisticgeniusthatis ğŸ’—Pre-add,pre-save,pre-order(alltheprestuffyoufeellikedoing)Canâ€™twaitforyoutohearthis. 75w","JUNE 14, 2019",post,0,  @valheria123
1553113.0, taylorswift Verified ğŸ’— ğŸ“¸:  // ,"JUNE 3, 2019",post,0,  @ashleyosborn @jeffkravitz @gettyentertainment 76w
1515620.0, taylorswift Verified ğŸŒˆLikearainbowwithallofthecolorsğŸŒˆ Thankyoutoeveryonewhocameto #WangoTango!ThatwasFUNğŸ¥³Psahugethankyouto forsurprisingthecrowd!! ğŸ“¸:     ,"JUNE 2, 2019",post,0,  @1027kiisfm @brendonurie @richfury @kevinmazur @jeffkravitz @wesandalex @gettyentertainment 76w
952798.0," taylorswift Verified ğŸŒˆHAPPYPRIDEMONTH!!!ğŸŒˆWhilewehavesomuchtocelebrate,wealsohaveagreatdistancetogobeforeeveryoneinthiscountryistrulytreatedequally.Inexcellentrecentnews,theHousehaspassedtheEqualityAct,whichwouldprotectLGBTQpeoplefromdiscriminationintheirplacesofwork,homes,schools,andotherpublicaccommodations.ThenextstepisthatthebillwillgobeforetheSenate.Iâ€™vedecidedtokickoffPrideMonthbywritingalettertooneofmysenatorstoexplainhowstronglyIfeelthattheEqualityActshouldbepassed.Iurgeyoutowritetoyoursenatorstoo.Iâ€™llbelookingforyourlettersbysearchingthehashtag#lettertomysenator.  Whilethereâ€™snoinformationyetastowhentheEqualityActwillgobeforetheSenateforavote,wedoknowthis:Politiciansneedvotestostayinoffice.Votescomefromthepeople.Pressurefrommassiveamountsofpeopleisamajorwaytopushpoliticianstowardspositivechange.Thatâ€™swhyIâ€™vecreatedapetitionatchange.orgtourgetheSenatetosupporttheEqualityAct. Ourcountryâ€™slackofprotectionforitsowncitizensensuresthatLGBTQpeoplemustliveinfearthattheirlivescouldbeturnedupsidedownbyanemployerorlandlordwhoishomophobicortransphobic.Thefactthat,legally,somepeoplearecompletelyatthemercyofthehatredandbigotryofothersisdisgustingandunacceptable.  Letâ€™sshowourpridebydemandingthat,onanationallevel,ourlawstrulytreatallofourcitizensequally.ğŸŒˆğŸŒˆğŸŒˆğŸŒˆğŸŒˆğŸŒˆğŸŒˆğŸŒˆğŸŒˆğŸŒˆğŸŒˆğŸŒˆğŸŒˆClickthelinkinmybiotosignthepetitionforSenatesupportoftheEqualityAct. 76w","JUNE 1, 2019",post,0, 
1693115.0, taylorswift Verified ğŸ˜» 77w,"MAY 30, 2019",post,0, 
2322099.0, taylorswift Verified ğŸ§¡aurevoirğŸ§¡ 77w,"MAY 26, 2019",post,0, 
1142722.0," taylorswift Verified Thankyou forhavingmeandtheband!!Itairstonight.FeelingprettyluckythatIgottobeaguestonthesamenightas MichaelFassbender, and Theywereallsosweet,nowIwanttojustwalkaroundyellingGOSEEDARKPHOENIX. ğŸ“¸:SoTelevision/BBC 77w","MAY 24, 2019",post,0,"  @thegrahamnortonshow @sophiet, @Jessicachastain @Jamesmcavoyrealdeal-"
1272677.0, taylorswift Verified Hadthebesttimeperformingwith on finale-thankyoutothefansthereforbeingsowelcoming!Andahugecongratulationsto MeetingyoumademydayğŸ¥° ğŸ“¸:TraePatton/NBC 78w,"MAY 23, 2019",post,0,  @brendonurie @nbcthevoice @maelynmusic!!
1587387.0, taylorswift Verified IknowIneverthinkbeforeIjump... 80w,"MAY 10, 2019",post,0, 
1713266.0," taylorswift Verified Thankyouforsuchawonderfulexperience -Ilovedgettingtoshootwith andtalkwith (yepIsaidit,Ididanactualinterviewwithahumanjournalist!!ğŸ‰)Wantedtorepasmanythings/peopleIloveonthejacketğŸ’—andmoreintheinterview.Hairby -Makeupby andstyling ","MAY 9, 2019",post,0,  @EntertainmentWeekly @peggysirota @alexsuskind @riawna @BrettGlam @by josephcassell1 80w
1952351.0, taylorswift Verified THISWASTHEMAXIMUMAMOUNTOFFUNPOSSIBLE.AndforthefirsttimeeverIâ€™mreleasingtheliverehearsalaudiofromthisperformanceonvinylandCDfrom onmysite.Thankyoutoeveryperformeruptherewithustonight!!!ğŸ’—ğŸ’—ğŸ’—ğŸ’—ğŸ’— ğŸ“¸: ,"MAY 2, 2019",post,0,  @bbmas @johnshearer 81w
1908864.0, taylorswift Verified Iâ€™mtryingtogivethemanormalupbringingbutwhenthelittleonesandIranintotheflawless onthewaytoredcarpetweSTRAIGHTUPhadtogetapic. 81w,"MAY 2, 2019",post,0,  @paulaabdul
1523355.0," taylorswift Verified Becauseofyouguys,thisvideobrokethe recordandWEARENOTCALM. 81w","APRIL 29, 2019",post,0,  @vevo
1526182.0, taylorswift Verified ğŸ’•ğŸ’—Ahugethankyoutotheincredibledancersformakingthevideosomagicalandforkeepingthesecretforsolong!!ğŸ’•ğŸ’— 81w,"APRIL 27, 2019",post,0, 
2598494.0, taylorswift Verified ThisisBenjaminButton.Heâ€™sagoodboy. 81w,"APRIL 27, 2019",post,0, 
2637080.0, taylorswift Verified Andthentherewerethreeâ€¦ 81w,"APRIL 26, 2019",post,0, 
2462446.0, taylorswift Verified ME!Outnow!Madethissongwith and  andIco-directedthevideo.Andeveryoneknowsyoucanâ€™tspellawesomewithoutDAVEBRENDONJOEL.Ohwait... 82w,"APRIL 26, 2019",post,0,  @BrendonUrie @iamJoelLittle. @Davemeyers
1763282.0," taylorswift Verified WELLGUYS4.26isgonnabehereinafewhoursandmynewsongâ€œME!â€featuringtheextraordinarilytalentedandawesome of willbeouttonightatmidnighteastern.Inotherexcitingnews,theVIDEOwillbeoutthentooandIcanâ€™twaittowatchlivewithyou(andanswersomequestions)asitpremiereson ğŸ¥ClickthelinkinmybioandIâ€™llmeetyoutherealittlelater!!ğŸ˜º 82w","APRIL 26, 2019",post,0,  @brendonurie @panicatthedisco @YouTube
2252112.0, taylorswift Verified ğŸ¦‹ 82w,"APRIL 26, 2019",post,0, 
1904237.0, taylorswift Verified ME!bytheoneandonly ğŸ’—ğŸ’—ğŸ’—ğŸ’—ğŸ’—ğŸ’—ğŸ’—ğŸ’—ğŸ’—ğŸ’—ğŸ’—ğŸ’—ğŸ’— 82w,"APRIL 26, 2019",post,0,  @valheria123
2557636.0," taylorswift Verified So... helpedmepulloffthebestsurprisecluerevealtodayinNashville!!Thankyoutoeveryonewhoshowedup,Iâ€™veneverbeenmoreproudofyourFBIleveldetectiveskills.Nextclue:Iâ€™llbejoiningthemagnificent forachattonightonABClivefromNashvilleğŸ’•ğŸ’•ğŸ’•ğŸ’•ğŸ’•ğŸ’•ğŸ’• 82w","APRIL 26, 2019",post,0,  @kelseymontagueart @robinrobertsgma
1162617.0, taylorswift Verified 4.26 82w,"APRIL 24, 2019",post,0, 
2499074.0, taylorswift Verified Itâ€™sTIME.#time100 82w,"APRIL 24, 2019",post,0, 
1115022.0, taylorswift Verified 4.26 82w,"APRIL 22, 2019",post,0, 
1234454.0, taylorswift Verified 4.26 82w,"APRIL 21, 2019",post,0, 
1194368.0, taylorswift Verified 4.26 82w,"APRIL 20, 2019",post,0, 
1046112.0, taylorswift Verified 4.26 82w,"APRIL 19, 2019",post,0, 
1329509.0, taylorswift Verified 4.26 83w,"APRIL 19, 2019",post,0, 
2563750.0, taylorswift Verified WellthisisAWESOME.Thankyou ğŸ’—Thankyou andthankyouforyourunbelievablykindwords (IhadnoideayouwerewritingthisandjustfoundoutwhenIsawthis!!) 83w,"APRIL 17, 2019",post,0,  @time @paridukovic @shawnmendes
1331439.0, taylorswift Verified 4.26 83w,"APRIL 17, 2019",post,0, 
1779831.0, taylorswift Verified 4.26 83w,"APRIL 16, 2019",post,0, 
1382427.0, taylorswift Verified 4.26 83w,"APRIL 15, 2019",post,0, 
1441233.0, taylorswift Verified 4.26 83w,"APRIL 14, 2019",post,0, 
1582422.0, taylorswift Verified 4.26 83w,"APRIL 13, 2019",post,0, 
1931097.0, taylorswift Verified Iloveyouguys.Somuch. ğŸ“¸:  ,"MARCH 16, 2019",post,0,  @presleyannphoto @gettyimages 87w
1748973.0, taylorswift Verified TheDelicatevideowinningVideooftheYearat awardshasmefeelingdelicateğŸ’— ğŸ“¸:  ,"MARCH 16, 2019",post,0,  @iheartradio @presleyannphoto @gettyimages 87w
1600468.0, taylorswift Verified ğŸ¦‹ğŸ’—ğŸ“¸ ,"MARCH 15, 2019",post,0,  @presleyannphoto 88w
2313861.0," taylorswift Verified Bouttowalkoutonthe carpet,thoughtIâ€™dshowyoufirstğŸ¥° 88w","MARCH 15, 2019",post,0,  @iheartradio
1580531.0, taylorswift Verified ğŸ¦‹ 88w,"MARCH 15, 2019",post,0, 
1488338.0," taylorswift Verified Wehavetolivebravelyinordertotrulyfeelalive,andthatmeansnotbeingruledbyourgreatestfears. 89w","MARCH 8, 2019",post,0, 
1646544.0, taylorswift Verified Stepintothedaylightandletitgo. 89w,"MARCH 7, 2019",post,0, 
1573090.0," taylorswift Verified Accordingtomybirthcertificate,Iturn30thisyear.Itâ€™sweirdbecausepartofmestillfeels18andpartofmefeels283,buttheactual,factualageIcurrentlyamis29.Iâ€™veheardpeoplesaythatyour30â€™sareâ€˜themostfun!â€™soIâ€™lldefinitelykeepyoupostedonmyfindingsonthatwhenIknow.Butuntilthen,IthoughtIâ€™dsharesomelessonsIâ€™velearnedbeforereaching30with becauseitâ€™s2019andsharingiscaring.ğŸ˜ºCheckinwith forthepiece,postingtomorrow. 89w","MARCH 6, 2019",post,0,"  @elleusa, @elleusa"
1817228.0," taylorswift Verified IlovewritingsongsbecauseIlovepreservingmemories,likeputtingapictureframearoundafeelingyouoncehad. 89w","MARCH 5, 2019",post,0, 
1754235.0," taylorswift Verified Gottowriteanessayfor aboutsongwriting,whatmusicallymovesusandwhy,andthemelodiesthatdefineourmemories.Thankstoanyonewhotookthetimetoreadit! 89w","MARCH 3, 2019",post,0,  @elleuk
2226087.0, taylorswift Verified ğŸ’Ÿ 90w,"FEBRUARY 28, 2019",post,0, 
1830654.0, taylorswift Verified â™¥ï¸MEby â™¥ï¸Thankyou ,"FEBRUARY 28, 2019",post,0,  @quentin_jones @elleuk! 90w
1981433.0, taylorswift Verified ShejustreadallthetheoriesğŸ™€ 90w,"FEBRUARY 27, 2019",post,0, 
2104965.0, taylorswift Verified ğŸ’› 90w,"FEBRUARY 26, 2019",post,0, 
2354974.0, taylorswift Verified ğŸ’— 90w,"FEBRUARY 25, 2019",post,0, 
1301715.0, taylorswift Verified ğŸŒ´ğŸŒ´ğŸŒ´ğŸŒ´ğŸŒ´ğŸŒ´ğŸŒ´ 90w,"FEBRUARY 25, 2019",post,0, 
1568420.0, taylorswift Verified Apurrito. 90w,"FEBRUARY 24, 2019",post,0, 
3065167.0, taylorswift Verified AHHHHH justwon7 awards!!!Bouttogogivesomehighfives-thanks forthisdressssğŸ˜† 92w,"FEBRUARY 11, 2019",post,0,  @thefavouritemovie @bafta @stellamccartney
2723477.0," taylorswift Verified ThistrailercourtesyofCatsthefilm.Cathaironmyjacketcourtesyofactualcats,MeredithandOlivia. 94w","JANUARY 29, 2019",post,0, 
1961232.0, taylorswift Verified Meow. 95w,"JANUARY 22, 2019",post,0, 
2878466.0," taylorswift Verified MaryPoppins,Audrey,Ariel,Ms.Frizzle,Cinderella,Gwen,Mr.Toad,Avril,NancyDrew,PoshSpice,Rizzo,FridaKahlo,SteveIrwin,Dorothy..Thisnewyearwedecidedtodressupasourchildhoodheroes.Sendingyouallloveandhopegoinginto2019ğŸ’— 98w","JANUARY 1, 2019",post,0, 
2396698.0, taylorswift Verified PurryChristmasğŸ’— 99w,"DECEMBER 25, 2018",post,0, 
1379515.0," taylorswift Verified Netflixmarketingteam:Sofortheposter,wewerethinking- Me:CANYOUMAKEMELOOKLIKEAZOMBIEHUNTER 100w","DECEMBER 19, 2018",post,0, 
921657.0," taylorswift Verified TheFavouriteisabsolutelyphenomenal,anditopensinNYandLAtomorrowâ€”Swipetoseecitiesanddates!   ","NOVEMBER 23, 2018",post,0,  @thefavouritemovie @joe.alwyn @nicholashoult 104w
1370211.0," taylorswift Verified Holdontothememories,theywillholdontoyou. ğŸ’¥ğŸ’¥ğŸ’¥ğŸ’¥ğŸ’¥ğŸ’¥ ğŸ“·: // ","NOVEMBER 22, 2018",post,0,  @junsatophoto @gettyentertainment 104w
1658185.0," taylorswift Verified Itâ€™ssohardtobelievethattonightwillbethelasttimewewearthesecostumes,playthissetlist,dothischoreography,andthensaygoodbyetotheReputationStadiumTour.Thankyoutothecrowdsthathavelitupouryear.Wedothislastoneforallofyou.â¤ï¸PSmakesuretoscreamloudfor and tonight!!TheirfamiliesarehereandthisistheirhometownshowğŸ’¥ğŸ’¥ğŸ’¥ğŸ’¥ğŸ’¥ğŸ’¥ ğŸ“·: // ","NOVEMBER 21, 2018",post,0,  @mariawada @maho_udo @junsatophoto @gettyentertainment 104w
1435154.0, taylorswift Verified MynewhomeğŸ¶ 104w,"NOVEMBER 19, 2018",post,0, 
2029666.0, taylorswift Verified MissingAustraliaalreadyğŸ’— 105w,"NOVEMBER 10, 2018",post,0, 
1416132.0," taylorswift Verified ANOTHERrainshowontheReputationStadiumTour!Auckland,youwereamazingtonight.ThanksforweatheringthestormwithusğŸ’— ğŸ“¸:  ","NOVEMBER 9, 2018",post,0,  @therealdonarnold @gettyentertainment 105w
1092521.0," taylorswift Verified Brisbane,youwereamazingğŸ’—Weâ€™llmissyousomuch,Australia(untilnexttime).SeeyoutomorrownightAuckland,itâ€™sbeenwaytoolong!!PSitâ€™s hometownshow,youâ€™dbetterscreamloudforthemğŸ˜!! ğŸ“¸:  ","NOVEMBER 8, 2018",post,0,  @broodsmusicâ€™s @therealdonarnold @gettyentertainment 106w
1441385.0," taylorswift Verified FULLRAINSHOWTONIGHTINSYDNEY.WehadtheabsolutetimeofourLIVESwithyou.Itpouredconsistentlyforthefirst90%oftheshowandweallgottojumparoundtogetherinastorm,whatadreamğŸ˜Loveyouguys. ğŸ“¸:  ","NOVEMBER 2, 2018",post,0,  @therealdonarnold @gettyentertainment 106w
841826.0," taylorswift Verified â¬†ï¸ThesetwoTennesseewomenâ¬†ï¸votedforthecandidatewhohasprovenhimselftobereasonableandtrustworthy.Wewantleadership,notfear-basedextremism.EarlyvotinggoestilThursdayandElectionDayisNovember6.Pleasedonâ€™tsitthisoneout. 107w","OCTOBER 30, 2018",post,0, 
2820106.0," taylorswift Verified HerewecanobserveanAustralianswiftletinhernaturalhabitat,aturtleneck.ğŸ¦ 108w","OCTOBER 25, 2018",post,0, 
2378388.0," taylorswift Verified Ifatreefallsinaforestandnooneisaroundtoinstagramit,doesitmakeasound? 108w","OCTOBER 24, 2018",post,0, 
2289348.0, taylorswift Verified LetthegamesBEGIN. 108w,"OCTOBER 21, 2018",post,0, 
1236516.0," taylorswift Verified WELOVEYOUPERTH!!Itâ€™sincredibletobebackinAustralia!Seeyousoon,MelbourneğŸ’‹ğŸ’‹ğŸ’‹ğŸ’‹ğŸ’‹ğŸ’‹ğŸ’‹ğŸ’‹ğŸ’‹ğŸ’‹ğŸ’‹ğŸ’‹ğŸ’‹ ğŸ“¸:  ","OCTOBER 19, 2018",post,0,  @therealdonarnold @gettyentertainment 108w
1476677.0, taylorswift Verified SomethingIwishIknewaboutwhenIwas18andvotingforthefirsttime:âœ¨EARLYVOTINGâœ¨.ItmakesitsoquickandeasytogoandcastyourvotebeforeNovember6.EarlyvotingstartsTODAYinTennesseeandgoestoNov1ğŸ‡ºğŸ‡¸ Youcancheckoutyourstateâ€™searlyvotingdatesatthelinkinmybio 109w,"OCTOBER 17, 2018",post,0, 
1400676.0, taylorswift Verified GettingtoperformwithpeopleIlovethismuchisarealmood. 110w,"OCTOBER 11, 2018",post,0, 
2011574.0, taylorswift Verified proudexpectantmotherofahumanchild+proudmotherofsnakesğŸğŸ‘£ ,"OCTOBER 10, 2018",post,0,  @claire_winter 110w
2034620.0, taylorswift Verified Youhavemadethishumandiscoballsosohappytonight.â¤ï¸#americanmusicawards     ,"OCTOBER 10, 2018",post,0,  @amas ğŸ“¸: @gettyentertainment @johnshearer @polkimaging @kevinmazur 110w
2176839.0," taylorswift Verified Iâ€™mwritingthispostabouttheupcomingmidtermelectionsonNovember6th,inwhichIâ€™llbevotinginthestateofTennessee.InthepastIâ€™vebeenreluctanttopubliclyvoicemypoliticalopinions,butduetoseveraleventsinmylifeandintheworldinthepasttwoyears,Ifeelverydifferentlyaboutthatnow.IalwayshaveandalwayswillcastmyvotebasedonwhichcandidatewillprotectandfightforthehumanrightsIbelievewealldeserveinthiscountry.IbelieveinthefightforLGBTQrights,andthatanyformofdiscriminationbasedonsexualorientationorgenderisWRONG.Ibelievethatthesystemicracismwestillseeinthiscountrytowardspeopleofcoloristerrifying,sickeningandprevalent. IcannotvoteforsomeonewhowillnotbewillingtofightfordignityforALLAmericans,nomattertheirskincolor,genderorwhotheylove.RunningforSenateinthestateofTennesseeisawomannamedMarshaBlackburn.AsmuchasIhaveinthepastandwouldliketocontinuevotingforwomeninoffice,IcannotsupportMarshaBlackburn.HervotingrecordinCongressappallsandterrifiesme.Shevotedagainstequalpayforwomen.ShevotedagainsttheReauthorizationoftheViolenceAgainstWomenAct,whichattemptstoprotectwomenfromdomesticviolence,stalking,anddaterape.Shebelievesbusinesseshavearighttorefuseservicetogaycouples.Shealsobelievestheyshouldnothavetherighttomarry.ThesearenotMYTennesseevalues.IwillbevotingforPhilBredesenforSenateandJimCooperforHouseofRepresentatives.Please,pleaseeducateyourselfonthecandidatesrunninginyourstateandvotebasedonwhomostcloselyrepresentsyourvalues.Foralotofus,wemayneverfindacandidateorpartywithwhomweagree100%oneveryissue,butwehavetovoteanyway. Somanyintelligent,thoughtful,self-possessedpeoplehaveturned18inthepasttwoyearsandnowhavetherightandprivilegetomaketheirvotecount.Butfirstyouneedtoregister,whichisquickandeasytodo.October9thistheLASTDAYtoregistertovoteinthestateofTN.Gotovote.organdyoucanfindalltheinfo.HappyVoting!ğŸ—³ğŸ˜ƒğŸŒˆ 110w","OCTOBER 8, 2018",post,0, 
1253763.0," taylorswift Verified Toeveryonewhocametotheshowandeveryonewhowisheduswelltonight,thankyouâ¤ï¸WehadanindescribablyincredibletimewithyouDallas,thanksformakingusthefirsttourtoplaybacktobacknightsinAT&TStadiumğŸ’‹ğŸ’‹ğŸ’‹ğŸ’‹ğŸ’‹ğŸ’‹ğŸ’‹ğŸ’‹ğŸ’‹ğŸ’‹ğŸ’‹ğŸ’‹ğŸ’‹ ğŸ“¸:  ","OCTOBER 7, 2018",post,0,  @mattwinkelmeyer @gettyentertainment 110w
1337407.0, taylorswift Verified Lastnightoftourwiththese2dreamgirls-weloveyouBabyC  ,"OCTOBER 7, 2018",post,0,  @camila_cabello @charli_xcx 110w
1401976.0, taylorswift Verified SOUNDCHECKWITHTHESE2BABES.Thankyou forsurprisingtheDallascrowdwithourfirstliveperformanceofâ€˜Babeâ€™!! ğŸ“·  ,"OCTOBER 7, 2018",post,0,  @sugarland @mattwinkelmeyer @gettyentertainment 110w
1069842.0, taylorswift Verified WeplaythisshowonemoretimeinAmerica...alittlelaterontonight.Iloveyouguys.Letâ€™sdothisğŸ’¥ğŸ”¥ğŸ’¥ ğŸ“·  ,"OCTOBER 6, 2018",post,0,  @mattwinkelmeyer @gettyentertainment 110w
1398367.0, taylorswift Verified FrolickingwithMareninanemptystadiumandthenafullone.Thanksforamagicaleveningguys.Thiswasonetorememberâ¤ï¸ğŸ’‹ğŸ’— ğŸ“·  ,"OCTOBER 6, 2018",post,0,  @mattwinkelmeyer @gettyentertainment 110w
2080769.0, taylorswift Verified âœ¨Thisweekendâœ¨Ourlast2USshowsâœ¨Dallasâœ¨AT&TStadiumâœ¨ 111w,"OCTOBER 4, 2018",post,0, 
1665630.0, taylorswift Verified Takingineverysecondofthistour-thankyouNewOrleansforbeingsoincrediblelastnight.MyfirsttimeplayingtheSuperdomeandcouldnâ€™tbehappierthatIgottoplayitwith and -plussomepurrfectfriendscametoseetheshow.ğŸ’—ğŸ’—ğŸ’—ğŸ’—ğŸ’— 112w,"SEPTEMBER 24, 2018",post,0,  @camila_cabello @charli_xcx
2108599.0," taylorswift Verified AhugethankyoutoeveryonewhocametotheshowlastnightinIndianapolis.YouguysbroketheconcertattendancerecordatLucasOilStadium,andIloveddancingwithyou.Itâ€™sprettysurrealthatweonlyhave5showsleftinAmericacauseitfeelslikethistourjuststarted. SeeyouinStLouisğŸ’‹ 113w","SEPTEMBER 16, 2018",post,0, 
1248818.0," taylorswift Verified LovedplayinginKansasCitylastnightâ¤ï¸Thankyoutoeveryonewhocameout,youguysbrokethealltimeattendancerecordforArrowheadStadium!!ğŸ˜†ğŸ˜†ğŸ˜†Only6showsleftinAmerica, Icanâ€™tbelieveit. 114w","SEPTEMBER 9, 2018",post,0, 
1526511.0," taylorswift Verified MinneapolisyouwereaBLASTlastnight.Iâ€™msostokedwegettoplayforyouagaintonight,anditfeelssurrealthatweonlyhave8showsleftinAmerica.WHEREDOESTHETIMEGO.IlovethistourandIâ€™mseriouslytakingineverysecondofit.ğŸ’— 115w","SEPTEMBER 1, 2018",post,0, 
1442907.0," taylorswift Verified Nashville,lastnightwasthefirsttimeIgottoheadlinethatstadium.Everysecondoftheshowmeantsomuchtome,andIâ€™msogratefulto and forcomingouttosingâ€˜TimMcGrawâ€™withme.IfirstcametothiscityinsearchofarecorddealwhenIwas11!Iâ€™mjustasenamoredbybeingherenowalltheseyearslater.Thanksforanunforgettablenight. ğŸ“·: ","AUGUST 27, 2018",post,0,  @thetimmcgraw @faithhill @shearerphoto 116w
1803972.0, taylorswift Verified MIAMIILOVEYOU!!YouweresoloudandFUN.Shoutoutto forkillingitinherhometownandbeingjustthegreatestmostpreciousmagicalhumanpossibleğŸ’• ğŸ“·:  ,"AUGUST 19, 2018",post,0,  @camila_cabello @AltaImages @GettyEntertainment 117w
1085902.0," taylorswift Verified Thankyoutothe116,000peoplewhocametoseeusplayinAtlantathisweekend!ğŸ¤­â¤ï¸loveyouguysâ¤ï¸ğŸ’— PShappybirthdayto myincrediblebandleader/keysplayer!!Soluckytoknowyouandworkwithyou. ğŸ“·:  ","AUGUST 13, 2018",post,0,  @davidcook88 @shearerphoto @gettyentertainment 118w
1479943.0, taylorswift Verified ILOVEYOUATLANTAğŸ’•ğŸ’•ğŸ’•Weâ€™llseeyoutomorrownighttoo!ThanksforbeingsoloudandwildandfuntonightğŸ† ğŸ“·:  ,"AUGUST 11, 2018",post,0,  @shearerphoto @gettyentertainment 118w
961344.0," taylorswift Verified LookatthisHEAVENLYcrowdtonightinPittsburgh-thankyoutoeveryonewhocametotheshow,itwassogreattobebackinPA.â¤ï¸ğŸ’•â¤ï¸ 119w","AUGUST 8, 2018",post,0, 
2523695.0, taylorswift Verified OliviajustrealizedIâ€™mwearingearringsofherface. 119w,"AUGUST 6, 2018",post,0, 
1636387.0, taylorswift Verified Behindthescenesofoursecretrehearsaltodaybefore surprisedTorontowithâ€˜Summerof69â€™!!!!ğŸ‡¨ğŸ‡¦ğŸ˜ğŸ¸SOMUCHFUNTONIGHTTORONTO!! ğŸ“·:  ,"AUGUST 5, 2018",post,0,  @bryanadams @jasonkempin @gettyentertainment 119w
999729.0," taylorswift Verified Toronto,thankyouforagloriousnightofglitter,guitars,dancing,screaming,singing,andsnakesinastadium.MyserpentsandIaresoexcitedtogettoplayforyouagaintonightğŸ˜„ğŸ’•ğŸâ™¥ï¸ ğŸ“·:  ","AUGUST 4, 2018",post,0,  @jasonkempin @gettyentertainment 119w
1473710.0," taylorswift Verified TonightIrealizedIâ€™mlike,constantlyreachingforinvisiblethingswhileonstage?ANYWAY.Anotherinsanelydream-likenightat !!!SeeyoutomorrowğŸ’‹ ğŸ“¸:  ","JULY 28, 2018",post,0,  @gillettestadium @nicholas.b.hunt @gettyentertainment 120w
1658698.0," taylorswift Verified Sowait...wegettoplay2morenightsat ??!Soundsfake?!?YouguyswereUNREALtonight.Wecanâ€™twaittoseeyouagain,andagainafterthat.ğŸ’‹ğŸ’‹ğŸ’‹ğŸ’‹ğŸ’‹ğŸ’‹ğŸ’‹ğŸ’‹ğŸ’‹ğŸ’‹ğŸ’‹ğŸ’‹ğŸ’‹ ğŸ“·:  ","JULY 27, 2018",post,0,  @gillettestadium @kevinmazur @gettyentertainment 121w
935047.0, taylorswift Verified Hay&Taylookinglikeweâ€™reinamusical   ,"JULY 27, 2018",post,0,  @hayleykiyoko ğŸ“·: @kevinmazur @gettyentertainment 121w
1465931.0, taylorswift Verified FULLğŸš¨RAINğŸš¨SHOWğŸš¨Lastnightwealldancedtogetherfor2hoursinthepouringrain-whoknowswhattheJerseyskieswillbringustonightbutweâ€™re*readyforit*ğŸ˜˜ ğŸ“·:  ,"JULY 23, 2018",post,0,  @kevinmazur @gettyentertainment 121w
1260546.0," taylorswift Verified Withyou,Iâ€™ddanceinastorminmybestdress.ğŸ’ƒ ğŸ“·:  ","JULY 23, 2018",post,0,  @kevinmazur @gettyentertainment 121w
1356451.0, taylorswift Verified DelicateisasongthatwaswrittenaboutsuchavulnerabletimeinmylifeandIcanâ€™texpresstoyouhowgratefulIamthatitâ€™sgone#1.Youguysastonishmewithyoursupport.GuessyoucouldsayIâ€™mfeelingPRETTYDELICATEaboutthewholethingILOVEYOUSOMUCHâ¤ï¸â¤ï¸â¤ï¸â¤ï¸â¤ï¸â¤ï¸â¤ï¸â¤ï¸â¤ï¸â¤ï¸â¤ï¸ 121w,"JULY 22, 2018",post,0, 
1392409.0," taylorswift Verified GUYSIGOTANEWDRESS,LOOKINLIKEAPROUDSHINYTIDEPODOUTHERE AlsoMetLifeStadiumnight1wasaCOMPLETEBLASTandIâ€™msoexcitedtoplayheretwomorenights!!!!!!! ğŸ“·  ","JULY 22, 2018",post,0,  @kevinmazur @gettyentertainment 121w
1063854.0, taylorswift Verified PHILLYILOVEYOU!!!!ThishometowncrowdğŸ˜ğŸ˜ğŸ˜Seeyouagaintonightforround2!! 122w,"JULY 15, 2018",post,0, 
2324617.0, taylorswift Verified Theywalkintothemeetandgreetandhesaysâ€œWemet5yearsagoattheRedTourâ€andthen.....ğŸ˜»ğŸ˜»ğŸ˜»ğŸ˜»ğŸ˜»ğŸ˜»ğŸ˜»ğŸ˜»ğŸ˜»ğŸ˜»ğŸ˜»ğŸ˜»ğŸ˜» #thirdwheel 122w,"JULY 14, 2018",post,0, 
1042779.0, taylorswift Verified Takepicturesinyourmindofyourchildhoodroom... 122w,"JULY 14, 2018",post,0, 
1605508.0, taylorswift Verified TakemehomeğŸ’— 122w,"JULY 13, 2018",post,0, 
1487848.0," taylorswift Verified Meredith,anintellectual 123w","JULY 12, 2018",post,0, 
1057247.0," taylorswift Verified CheckouttheotherpicstoseewhyIâ€™msmilingğŸ˜ğŸ˜ğŸ˜DCyouwereSOincredible,thankyouforhavingusthesepast2nights. ğŸ“·  ","JULY 12, 2018",post,0,  @jasonkempin @gettyentertainment 123w
1095877.0," taylorswift Verified WashingtonDCnight1,THATWASWILD,andnowwegettoplayforyouAGAINtonight!!!PSscreamextraloudfor tonightcauseitâ€™shisbirthday!ğŸ‚â¤ï¸ ğŸ“·  ","JULY 12, 2018",post,0,  @staronstage @jasonkempin @gettyentertainment 123w
1388435.0," taylorswift Verified TS:Itsoundslikeyoutakeownershipofthepast,andnotjustthegoodparts.  PB:Ido.Absolutely. ğŸ“· ","JULY 11, 2018",post,0,  @alexilubomirski 123w
1669240.0, taylorswift Verified â€œYouhavetorememberthatnothingremainsthesame.â€-PattieBoyd ğŸ“· ,"JULY 10, 2018",post,0,  @alexilubomirski 123w
1086953.0," taylorswift Verified WhenIfinishedreadingPattieBoydâ€™sincrediblememoirWonderfulTonight,Ifeltinspiredandintrigued.Iwantedtoaskheraboutherlife,sitdownandtalkaboutallthings1960â€™sLondon,Beatlemania,andhowitfelttobeontheothersideofsongwriting:thesideofthemuse.Sothatâ€™swhatwedid,andsheisnowmyforeverladycrush.Thankyou forthisopportunityand fortakingthesephotos!!AndofcoursePattieğŸ’— 123w","JULY 10, 2018",post,0,  @harpersbazaarus @alexilubomirski
1635381.0, taylorswift Verified Allthekittenscareaboutistakingselfies 123w,"JULY 8, 2018",post,0, 
1881099.0, taylorswift Verified THISISWHATYOULOOKEDLIKETONIGHTCOLUMBUSYOUWEREBEAUTIFUL 123w,"JULY 8, 2018",post,0, 
1633019.0," taylorswift Verified Iâ€™msogratefulforthesewomen,forthewordstheyâ€™vewrittenandtheworldstheyâ€™vecreatedthroughtheirart..sostokedtohaveyouattheshowinLondon andJKâ¤ï¸.Always. 125w","JUNE 25, 2018",post,0,  @adele
1027777.0," taylorswift Verified Stillprocessinghowspeciallastnightwas,thankyouLondonfortwoincrediblenightsatWembleyStadium.Iâ€™llNEVERforgetthesoundofthecrowdwhenRobbieWilliamsshoweduptosingAngels,thatwasUNREAL!!ThankyoutoRobbie,thatwassuchaspectacularmomentanditmeantsomuchtosomanypeople,includingme.ğŸ˜‡ğŸ˜‡ğŸ˜‡    ","JUNE 24, 2018",post,0,  @robbiewilliams ğŸ“· @GarethCattermole @hogieaaa @GettyEntertainment 125w
1751960.0, taylorswift Verified âœ¨ThankyouforamagicalfirstnightatWembleyStadiumâœ¨ ğŸ“·   ,"JUNE 23, 2018",post,0,  @GarethCattermole @hogieaaa @GettyEntertainment 125w
1893811.0, taylorswift Verified SoundcheckatWembleyStadiumwiththisguy THANKYOUforsurprisingthecrowdtonight!!! ğŸ“·   ,"JUNE 23, 2018",post,0,  @niallhoran @GarethCattermole @hogieaaa @GettyEntertainment 125w
828372.0, taylorswift Verified LastweekendIgottoseethisbeautifulsightlookingoutatthecrowdatCrokePark.TomorrowandSaturdayweâ€™recomingforyouWembleyğŸ’‹Canâ€™twait! 126w,"JUNE 21, 2018",post,0, 
1357155.0, taylorswift Verified MewhenIseeacat. ğŸ“·  ,"JUNE 17, 2018",post,0,  @GarethCattermole @GettyEntertainment 126w
1018477.0," taylorswift Verified Therearenoruleswhenyoushowuphere,bassbeatrattlingthechandelier...ğŸ¥‚ğŸ‰ ğŸ“·  ","JUNE 16, 2018",post,0,  @GarethCattermole @GettyEntertainment 126w
1458947.0," taylorswift Verified Canâ€™tbelievewegettoplayCrokeParkagaintonight,myheartisstillracingfromlastnightâ€™scrowdandnowwegettodoitagain!!!!ğŸ’•ğŸ’•ğŸ’• ğŸ“·  ","JUNE 16, 2018",post,0,  @GarethCattermole @GettyEntertainment 126w
1164337.0," taylorswift Verified MyfirstIrishstadiumshowâ¤ï¸â¤ï¸â¤ï¸â¤ï¸Icanâ€™tevenexplainhowitfeltlookingatthecrowdtonightatCrokeParkinDublin,IloveyousomuchandIcanâ€™tbelievewegettoplayforyouagaintomorrownight!! ğŸ“·: ","JUNE 16, 2018",post,0,  @GarethCattermole GettyEntertainment 126w
1010761.0, taylorswift Verified Walkedintomydressingroomtofindrosesfrom andIWASNOTREADYFORIT. ILOVEU2 ILOVEIRELAND LETSDOTHISCROKEPARK!!! 126w,"JUNE 15, 2018",post,0,  @U2
1003351.0," taylorswift Verified I'msorrytotellyouoneofouramazingdancers,Nadine,wasinvolvedinacaraccidentafewdaysago.Whileshetakestimetorecoverandheal,weâ€™reallwishingheraspeedyrecoveryandarelookingforwardtoherreturntothetour.WeallloveyouNadineandcanâ€™twaittohaveyoubackâ¤ï¸â¤ï¸â¤ï¸ ","JUNE 14, 2018",post,0,  @nadineolmo 127w
1613515.0, taylorswift Verified DUBLIN!!Icanâ€™twaittoplayforyouonFridayandSaturday!ğŸ’‹ğŸ’‹ğŸ’‹ğŸ’‹ğŸ’‹ğŸ’‹ğŸ’‹ğŸ’‹ğŸ’‹ğŸ’‹ğŸ’‹ğŸ’‹ğŸ’‹ ğŸ“¸:  ,"JUNE 12, 2018",post,0,  @hogieaaa @gettyentertainment 127w
1012276.0, taylorswift Verified ThisbreathtakinglygorgeousSaturdaynightManchestercrowd...ğŸ˜ğŸ˜ğŸ˜ ğŸ“·  ,"JUNE 10, 2018",post,0,  @Hogieaaa @GettyEntertainment 127w
1541742.0, taylorswift Verified Weâ€™llseeyouinafewhoursManchester!!ğŸ’•ğŸ’•ğŸ’•    ,"JUNE 9, 2018",post,0,  @camila_cabello @charli_xcx ğŸ“· @Hogieaaa @GettyEntertainment 127w
1286581.0, taylorswift Verified Iâ¤ï¸ManchesterğŸ’‹ğŸ’‹ğŸ’‹ğŸ’‹ğŸ’‹ğŸ’‹ğŸ’‹ğŸ’‹ğŸ’‹ğŸ’‹ğŸ’‹ğŸ’‹ğŸ’‹Canâ€™twaittoplayforyouagain!! ğŸ“·  ,"JUNE 9, 2018",post,0,  @Hogieaaa @GettyEntertainment 127w
868700.0, taylorswift Verified MyfirstUKstadiumshow!!!IloveyouManchester!!Weâ€™llseeyoutomorrowâ¤ï¸ 127w,"JUNE 9, 2018",post,0, 
2189089.0, taylorswift Verified JustoverheredaydreamingaboutplayingManchestertomorrow...ğŸ’• 128w,"JUNE 7, 2018",post,0, 
2043632.0," taylorswift Verified ""Withoutyourpast, youcouldneverhavearrived- sowondrouslyandbrutally- Bydesignorsomeviolent,exquisitehappenstance ...here."" ğŸ“·:  ","JUNE 6, 2018",post,0,  @austinhargrave @billboard 128w
1384916.0," taylorswift Verified Manchester,seeyouJune8and9!ğŸ’‹ğŸ’‹ğŸ’‹ğŸ’‹ğŸ’‹ğŸ’‹ğŸ’‹ğŸ’‹ğŸ’‹ğŸ’‹ğŸ’‹ğŸ’‹ğŸ’‹ ğŸ“·:  ","JUNE 4, 2018",post,0,  @ShearerPhoto @GettyEntertainment 128w
1679853.0," taylorswift Verified RAINSHOWALERTğŸš¨Wehavenâ€™thadaproperrainshowinyearsandtonightwassomagicalandunforgettable.Thankyoutothe104,000peoplewhocametoseeusplayinChicagothisweekend.ILOVEYOU!! ğŸ“·  ","JUNE 3, 2018",post,0,  @ShearerPhoto @GettyEntertainment 128w
1351303.0, taylorswift Verified KnewIwasarobberfirsttimethathesawme.ğŸ’‹ #reptourchicago ğŸ“·  ,"JUNE 2, 2018",post,0,  @ShearerPhoto @GettyEntertainment 128w
1374385.0, taylorswift Verified Iâ¤ï¸CHICAGO!!!!!!!!!!!!!Seeyoutomorrownight #reptourchicago ğŸ“·  ,"JUNE 2, 2018",post,0,  @ShearerPhoto @GettyEntertainment 128w
2258460.0," taylorswift Verified ImissedyouUK!Weâ€™llbebacktotheUKandIrelandtoseeyouSOsoonontheReputationStadiumTouratEtihadStadiuminManchester(June8and9), CrokeParkinDublin(June15and16),and WembleyStadiuminLondon(June22and23)!ğŸ’‹ğŸ“·: / ","MAY 28, 2018",post,0,  @hogieaaa @GettyEntertainment 129w
1512931.0," taylorswift Verified Swansea,welovedplayingforyou!!YousangSOloud!Myguitarist tookthis,lookatyouğŸ˜ğŸ˜ğŸ˜Thankyou ","MAY 28, 2018",post,0,  @paul_sidoti @bbc! 129w
1531320.0," taylorswift Verified Madeyourmarkonme,agoldentattoo. ","MAY 26, 2018",post,0,  @ğŸ’«gettyentertainment 129w
1488912.0, taylorswift Verified Lovemademecrazy. Ifitdoesnâ€™tyouainâ€™tdoinit ,"MAY 26, 2018",post,0,  @right. gettyentertainment 129w
1410620.0," taylorswift Verified DenverlookhowGORGEOUSall58,000ofyoulookedtonight.MyfirststadiumshowinDenver!!IloveyouguysğŸ’— 129w","MAY 26, 2018",post,0, 
1528590.0," taylorswift Verified OkaySeattlethatwasINSANE.THANKYOUtothe56,000peoplewhocametoseeustonight!! 130w","MAY 23, 2018",post,0, 
2268082.0,   ,"MAY 21, 2018",post,0,  @taylorswift Verified ğŸ’‹ğŸ’‹ğŸ’‹ğŸ’‹ğŸ’‹ğŸ’‹ğŸ’‹ğŸ’‹ğŸ’‹ğŸ’‹ğŸ’‹ğŸ’‹ğŸ’‹billboard @austinhargrave 130w
1809411.0, taylorswift Verified TayTayandTyTyğŸ’˜ ğŸ“·:  ,"MAY 21, 2018",post,0,  @tyrabanks @kevinmazur @gettyentertainment 130w
2889186.0, taylorswift Verified MyfirstawardshowinafewyearsanditwassomuchfunthankstoyouğŸ’—Iloveyouguys.PSthanks forthisâœ¨delicateâœ¨dress.ğŸ“·: ,"MAY 21, 2018",post,0,  @versace @gettyentertainment 130w
2580949.0, taylorswift Verified ğŸŒ¸BillboardAwardsğŸŒ¸ ,"MAY 21, 2018",post,0,  @gettyentertainment 130w
2360086.0, taylorswift Verified ğŸ’—ğŸ’—ğŸ’—BTSğŸ’—ğŸ’—ğŸ’—Sogreatmeetingyou!!Youâ€™rekillingit!! 130w,"MAY 21, 2018",post,0, 
1504315.0, taylorswift Verified Iâ€™ddoitoverandoverandoveragainifIcould.  ,"MAY 21, 2018",post,0,  @ğŸŒ¹ #rosebowl polkimaging @gettyentertainment 130w
1931819.0, taylorswift Verified Mymymy... ğŸ“·:  ,"MAY 20, 2018",post,0,  @troyesivan @Polkimaging @GettyEntertainment 130w
2673556.0," taylorswift Verified TothepersonIcouldcallatanytimeofday,whohasbeentherenomatterwhat...youabsolutelyKILLEDITtonightandeveryonewassoexcitedtoseeyou.Iloveyou,and60,000peopleattheRoseBowllovedyoutoo. ğŸ“·:  ","MAY 20, 2018",post,0,  @selenagomez @Polkimaging @GettyEntertainment 130w
3772227.0, taylorswift Verified Thankyou forsurprisingtheRoseBowlcrowdtonight.YOUARETHEGREATESTandIâ€™mobsessedwitheverythingIâ€™veheardfromyournewalbum.My1989tourmatecameback!!!!ğŸ“·: and ,"MAY 19, 2018",post,0,  @shawnmendes @KevinMazur @GettyEntertainment 130w
2331666.0, taylorswift Verified Crimsonredpaintonmylips...  ,"MAY 17, 2018",post,0,  @ğŸ’‹ kevinmazur @gettyentertainment 131w
1247074.0, taylorswift Verified Canâ€™twaittoplayRoseBowlFridayandSaturday!ğŸŒ¹ğŸŒ¹ğŸŒ¹ğŸŒ¹ğŸŒ¹ğŸŒ¹ğŸŒ¹ğŸŒ¹ğŸŒ¹ğŸŒ¹ğŸŒ¹ğŸŒ¹ğŸŒ¹ğŸ“·: and ,"MAY 16, 2018",post,0,  @kevinmazur @gettyentertainment 131w
1511429.0, taylorswift Verified Methedayafterashow. 131w,"MAY 14, 2018",post,0, 
1576246.0, taylorswift Verified LoveyouguysğŸ’‹ğŸ“·  ,"MAY 13, 2018",post,0,  @KevinMazur @GettyImages 131w
1334220.0," taylorswift Verified 110,000thankyouâ€™stothe110,000peoplewhocametoseeusthisweekendinSantaClara,CA.ILOVEYOU.â¤ï¸â¤ï¸â¤ï¸â¤ï¸â¤ï¸â¤ï¸â¤ï¸â¤ï¸â¤ï¸â¤ï¸â¤ï¸â¤ï¸â¤ï¸ 131w","MAY 13, 2018",post,0, 
1692439.0," taylorswift Verified Donâ€™tblameme,lovemademecrazy...Seeyoutonight,SantaClarağŸ”¥ 131w","MAY 13, 2018",post,0, 
1417420.0," taylorswift Verified Weâ€™llseeyoutomorrowandSaturday,SantaClaraCA!âš¡ï¸ğŸ˜˜ ","MAY 11, 2018",post,0,  @gettyentertainment 132w
1931674.0, taylorswift Verified ğŸğŸ˜Š ,"MAY 10, 2018",post,0,  @gettyentertainment 132w
1327963.0," taylorswift Verified IhadthetimeofmylifewithyouGlendale,Arizona.â¤ï¸ ","MAY 10, 2018",post,0,  @gettyentertainment 132w
4841289.0, taylorswift Verified â¤ï¸STADIUMTOURMATESâ¤ï¸  ğŸ“·: ,"MAY 9, 2018",post,0,  @charli_xcx @camila_cabello @gettyentertainment 132w
1884904.0," taylorswift Verified Fact:Iâ€™veneverbeenmoreexcitedaboutatourthanIamaboutthisone.AnditstartsTOMORROW.Also,notevenremotelytourrelated,buttodayImetacactus.ğŸŒµ 132w","MAY 8, 2018",post,0, 
1747647.0, taylorswift Verified Iwantyourmidnights...4daystilReputationStadiumTourğŸ’• 132w,"MAY 5, 2018",post,0, 
2342721.0, taylorswift Verified DarlingI'manightmaredressedlikea....girlrehearsingforhertourthatstartsin9DAYS. 133w,"APRIL 30, 2018",post,0, 
1616437.0, taylorswift Verified Dailyrun-throughsbecauseitâ€™s10DAYSAWAY. 133w,"APRIL 29, 2018",post,0, 
2127905.0, taylorswift Verified 11daystilReputationStadiumTourğŸ‰ğŸ‰ğŸ‰ğŸ‰ğŸ‰ğŸ‰ğŸ‰ğŸ‰ğŸ‰ğŸ‰ğŸ‰ğŸ‰ğŸ‰ First3showswillbeGlendaleAZ(May8)then2inSantaClaraCA(May11and12)!! 133w,"APRIL 28, 2018",post,0, 
2625674.0, taylorswift Verified 12daystilReputationStadiumTour!!! 134w,"APRIL 27, 2018",post,0, 
3073220.0, taylorswift Verified 13daystilReputationStadiumTourğŸ’‹ 134w,"APRIL 26, 2018",post,0, 
772408.0, taylorswift Verified ğŸŒŸUrsogorgeousğŸŒŸ 136w,"APRIL 11, 2018",post,0, 
1596311.0, taylorswift Verified rep 136w,"APRIL 11, 2018",post,0, 
1163165.0, taylorswift Verified ğŸŒŸUrsogorgeousğŸŒŸ 136w,"APRIL 11, 2018",post,0, 
763304.0, taylorswift Verified ğŸŒŸUrsogorgeousğŸŒŸ 136w,"APRIL 11, 2018",post,0, 
839465.0, taylorswift Verified ğŸŒŸUrsogorgeousğŸŒŸ 136w,"APRIL 11, 2018",post,0, 
1083455.0, taylorswift Verified ğŸŒŸUrsogorgeousğŸŒŸ 136w,"APRIL 11, 2018",post,0, 
2746414.0, taylorswift Verified Deepbluebutyoupaintedmegolden. 136w,"APRIL 11, 2018",post,0, 
1183325.0, taylorswift Verified SayhitothereputationStadiumTourdancers!!Beenspendingmydaysrehearsingwiththeseoverwhelminglytalentedpeople.28DAYSTILGLENDALEAZ 136w,"APRIL 11, 2018",post,0, 
1341807.0," taylorswift Verified WentbackandplayedtheBluebirdCafeinNashville!IplayedthereforthefirsttimewhenIwas14.TherewerebunnyearsandğŸ¥ƒthistime,thankstoCraigWiseman.ğŸ˜ 137w","APRIL 2, 2018",post,0, 
1411191.0, taylorswift Verified TimesSquareislookingso*delicate*rightnow THANKS ğŸ˜˜ 137w,"MARCH 31, 2018",post,0,  @spotify
1057155.0," taylorswift Verified Nooneshouldhavetogotoschoolinfearofgunviolence.Ortoanightclub. Ortoaconcert. Ortoamovietheater. Ortotheirplaceofworship. Iâ€™vemadeadonationtoshowmysupportforthestudents,fortheMarchForOurLivescampaign,foreveryoneaffectedbythesetragedies,andtosupportgunreform.Iâ€™msomovedbytheParklandHighSchoolstudents,faculty,byallfamiliesandfriendsofvictimswhohavespokenout,tryingtopreventthisfromhappeningagain. 138w","MARCH 24, 2018",post,0, 
2275767.0, taylorswift Verified Repu-hearsalsğŸ¶ 144w,"FEBRUARY 12, 2018",post,0, 
2316467.0, taylorswift Verified Weareallstretchingtoprepforthattourchoreo. 145w,"FEBRUARY 6, 2018",post,0, 
1138930.0, taylorswift Verified #EndGameMusicVideooutnow.Linkinbio.  ,"JANUARY 12, 2018",post,0,  @teddysphotos @future 149w
1173657.0, taylorswift Verified TheSwiftLifeisavailableforfreeworldwideintheAppStore.Seeyouthere! 152w,"DECEMBER 17, 2017",post,0, 
1282310.0," taylorswift Verified Iloveyouguyssomuch.Thiswasaphoto tookat JingleBellBallinLondonafewdaysago.Icouldnâ€™thaveaskedforabetteryear,allthankstoyou.Thanksforallthebirthdaywishes.Canâ€™twaittoseewhat28willbelike.SeeyouontourğŸ˜„ 153w","DECEMBER 14, 2017",post,0,  @paul_sidoti @capitalofficial
1098184.0, taylorswift Verified NorthAmericandatesonsalenow!Linkinbio. 153w,"DECEMBER 12, 2017",post,0, 
885443.0, taylorswift Verified NorthAmericandatesonsalenow!Linkinbio. 153w,"DECEMBER 12, 2017",post,0, 
957187.0, taylorswift Verified NorthAmericandatesonsalenow!Linkinbio. 153w,"DECEMBER 12, 2017",post,0, 
1896607.0, taylorswift Verified BigreputationğŸ˜˜ Photocredit:KevinMazur 153w,"DECEMBER 9, 2017",post,0, 
2301404.0," taylorswift Verified NewYorkYOUWEREAMAZING!!!!!!!!!!ThanksZ100,whatanightâœ¨âœ¨âœ¨ Photocredit:KevinMazur 153w","DECEMBER 9, 2017",post,0, 
1815351.0, taylorswift Verified OurfacesheremakeitprettyclearthatWELOVEYOUCHICAGOğŸ˜  PhotoCredit:AndyArgyrakis 153w,"DECEMBER 9, 2017",post,0, 
1222377.0, taylorswift Verified #TimePOY 154w,"DECEMBER 6, 2017",post,0, 
1120796.0, taylorswift Verified Thereâ€™sglitterontheflooraftertheparty. 154w,"DECEMBER 5, 2017",post,0, 
1379632.0, taylorswift Verified Inevertrustanarcissist Buttheyloveme... 154w,"DECEMBER 5, 2017",post,0, 
1572420.0," taylorswift Verified Inescapable Iâ€™mnotevengonnatry. AndifIgetburned, Atleastwewereelectrified. 154w","DECEMBER 5, 2017",post,0, 
2021509.0," taylorswift Verified Deepblue,butyoupaintedmegolden. 154w","DECEMBER 5, 2017",post,0, 
1344118.0," taylorswift Verified Thankyou and foryourpassion,spirit,andcontagiouslaughteronset.MertandMarcustookthesephotosfor andmyalbumphotosforreputation,anditâ€™sbeensuchabondingexperienceworkingtogethersocloselyandtalkingsomuchaboutwhatwewantedtomake.Itâ€™sbeenawhilesinceIâ€™vedoneamagazinecover.Iâ€™mreallyhappymyfirstonebackwaswithsuchwonderfulpeople. #newvogue 154w","DECEMBER 4, 2017",post,0,  @edward_enninful @mertalas @britishvogue
1334071.0, taylorswift Verified âœ¨âœ¨âœ¨Poptopiaâœ¨âœ¨âœ¨ Photocredit ,"DECEMBER 4, 2017",post,0,  @tiutimes 154w
2434159.0, taylorswift Verified ThankyoutoeveryonewhocametoPoptopiainSanJosetonight!!!YouguyswereEXCELLENT.Thiswastakenby whileIwasplayingâ€˜Idonâ€™twannaliveforeverâ€™. 154w,"DECEMBER 3, 2017",post,0,  @paul_sidoti
1581028.0, taylorswift Verified Weâ€™llseeyoulaterontonightinSanJoseatPOPTOPIA!âœ¨âœ¨âœ¨âœ¨âœ¨âœ¨âœ¨ Photocredit:KevinWinter 154w,"DECEMBER 3, 2017",post,0, 
1449070.0, taylorswift Verified Ifeelthatthelightinginthispicturetrulycaptureshowangelic isforcomingoutandsingingEndGamewithmeğŸ˜Š Photocredit:KevinWinter 154w,"DECEMBER 3, 2017",post,0,  @teddysphotos
1893284.0, taylorswift Verified Lastnightwasfunnnn.ThankyoutoeveryonewhocametoKIIS-FMJingleBallYOUWERESOLOUD! Anddancy. Andwonderful. Photocredit:KevinMazur 154w,"DECEMBER 3, 2017",post,0, 
446423.0, taylorswift Verified Thankyouâ¤ï¸ 157w,"NOVEMBER 14, 2017",post,0, 
455932.0, taylorswift Verified Thankyouâ¤ï¸ 157w,"NOVEMBER 14, 2017",post,0, 
435356.0, taylorswift Verified Thankyouâ¤ï¸ 157w,"NOVEMBER 14, 2017",post,0, 
455690.0, taylorswift Verified Thankyouâ¤ï¸ 157w,"NOVEMBER 14, 2017",post,0, 
437279.0, taylorswift Verified Thankyouâ¤ï¸ 157w,"NOVEMBER 14, 2017",post,0, 
441799.0, taylorswift Verified Thankyouâ¤ï¸ 157w,"NOVEMBER 14, 2017",post,0, 
1309816.0, taylorswift Verified Ahugethankyouto oneofmyfavoritephotographersâ¤ï¸ 157w,"NOVEMBER 13, 2017",post,0,"  @maryellenmatthewsnyc,"
1163050.0,  IabsolutelyadoreyouğŸ’•ğŸ’•ğŸ’• 157w,"NOVEMBER 13, 2017",post,0,  @taylorswift Verified lesdogggg
953044.0, taylorswift Verified Thankyousomuch âœ¨ 157w,"NOVEMBER 13, 2017",post,0,  @maryellenmatthewsnyc
1085130.0, taylorswift Verified ğŸ˜ ,"NOVEMBER 12, 2017",post,0,  @tiffanyhaddish 157w
444878.0, taylorswift Verified Thankyouâ¤ï¸ 157w,"NOVEMBER 11, 2017",post,0, 
432468.0, taylorswift Verified Thankyouâ¤ï¸ 157w,"NOVEMBER 11, 2017",post,0, 
461351.0, taylorswift Verified Thankyouâ¤ï¸ 157w,"NOVEMBER 11, 2017",post,0, 
519033.0, taylorswift Verified Thankyouâ¤ï¸ 157w,"NOVEMBER 11, 2017",post,0, 
488548.0, taylorswift Verified Thankyouâ¤ï¸ 157w,"NOVEMBER 11, 2017",post,0, 
463238.0, taylorswift Verified Thankyouâ¤ï¸ 157w,"NOVEMBER 11, 2017",post,0, 
680557.0, taylorswift Verified Thankyouâ¤ï¸ 158w,"NOVEMBER 10, 2017",post,0, 
534009.0, taylorswift Verified Thankyouâ¤ï¸ 158w,"NOVEMBER 10, 2017",post,0, 
509658.0, taylorswift Verified Thankyouâ¤ï¸ 158w,"NOVEMBER 10, 2017",post,0, 
609692.0, taylorswift Verified Thankyouâ¤ï¸ 158w,"NOVEMBER 10, 2017",post,0, 
572491.0, taylorswift Verified Thankyouâ¤ï¸ 158w,"NOVEMBER 10, 2017",post,0, 
558865.0, taylorswift Verified Thankyouâ¤ï¸ 158w,"NOVEMBER 10, 2017",post,0, 
727567.0, taylorswift Verified #reputationisoutnow.Letthegamesbegin. 158w,"NOVEMBER 10, 2017",post,0, 
1869691.0, taylorswift Verified #reputationisout.Letthegamesbegin. 158w,"NOVEMBER 10, 2017",post,0, 
692374.0, taylorswift Verified #reputationisout.Letthegamesbegin. 158w,"NOVEMBER 10, 2017",post,0, 
2266336.0, taylorswift Verified Waitingfor#reputationlike... 158w,"NOVEMBER 10, 2017",post,0, 
729837.0, taylorswift Verified Waitingfor#reputationlike... 158w,"NOVEMBER 10, 2017",post,0, 
1460369.0, taylorswift Verified Waitingfor#reputationlike... 158w,"NOVEMBER 10, 2017",post,0, 
720077.0, taylorswift Verified 2daysuntil#reputation 158w,"NOVEMBER 9, 2017",post,0, 
701110.0, taylorswift Verified 2daysuntil#reputation 158w,"NOVEMBER 9, 2017",post,0, 
857773.0, taylorswift Verified 2daysuntil#reputation 158w,"NOVEMBER 9, 2017",post,0, 
1122907.0, taylorswift Verified 3daysuntil#reputation 158w,"NOVEMBER 8, 2017",post,0, 
1325319.0, taylorswift Verified 3daysuntil#reputation 158w,"NOVEMBER 8, 2017",post,0, 
1179117.0, taylorswift Verified Friday.#reputation 158w,"NOVEMBER 8, 2017",post,0, 
766619.0, taylorswift Verified Friday.#reputation 158w,"NOVEMBER 8, 2017",post,0, 
1050224.0, taylorswift Verified CallItWhatYouWant.MidnightEastern. 159w,"NOVEMBER 2, 2017",post,0, 
924615.0, taylorswift Verified CallItWhatYouWant.MidnightEastern. 159w,"NOVEMBER 2, 2017",post,0, 
950605.0, taylorswift Verified CallItWhatYouWant.MidnightEastern. 159w,"NOVEMBER 2, 2017",post,0, 
1367778.0, taylorswift Verified Aglimpseintothemakingof#reputation.Thereâ€™savideoofmewritingâ€œGorgeousâ€on â€˜sYouTubepage.Linkinbio.#TaylorSwiftNOW 159w,"NOVEMBER 1, 2017",post,0,  @att
965669.0, taylorswift Verified Aglimpseintothemakingof#reputation.Thereâ€™savideoofmewritingâ€œGorgeousâ€on â€˜sYouTubepage.Linkinbio.#TaylorSwiftNOW 159w,"NOVEMBER 1, 2017",post,0,  @att
1176013.0, taylorswift Verified Aglimpseintothemakingof#reputation.Thereâ€™savideoofmewritingâ€œGorgeousâ€on â€˜sYouTubepage.Linkinbio.#TaylorSwiftNOW 159w,"NOVEMBER 1, 2017",post,0,  @att
1461295.0, taylorswift Verified #ReadyForItMusicVideo.Linkinbio. 160w,"OCTOBER 27, 2017",post,0, 
1109675.0, taylorswift Verified #ReadyForItMusicVideo.Linkinbio. 160w,"OCTOBER 27, 2017",post,0, 
1461609.0, taylorswift Verified #ReadyForItMusicVideo.Linkinbio. 160w,"OCTOBER 27, 2017",post,0, 
862405.0, taylorswift Verified ...ReadyForIt?OfficialMusicVideooutThursdaynight.#ReadyForItMusicVideo 160w,"OCTOBER 19, 2017",post,0, 
735335.0, taylorswift Verified ...ReadyForIt?OfficialMusicVideooutThursdaynight.#ReadyForItMusicVideo 160w,"OCTOBER 19, 2017",post,0, 
1656284.0, taylorswift Verified Therewillbenofurtherexplanation.Therewilljustbereputation. 169w,"AUGUST 25, 2017",post,0, 
1606753.0, taylorswift Verified reputationmagazinesVol.1&Vol.2 Targetexclusive. Nov.10. Pre-ordernow. 169w,"AUGUST 25, 2017",post,0, 
1140519.0, taylorswift Verified ...readyforit?Newsingle#LookWhatYouMadeMeDooutnow.Pre-order#reputation(linkinbio)andfindoutaboutticketsandmerchattaylorswift.com 169w,"AUGUST 25, 2017",post,0, 
1832961.0, taylorswift Verified ...readyforit?Newsingle#LookWhatYouMadeMeDooutnow.Pre-order#reputation(linkinbio)andfindoutaboutticketsandmerchattaylorswift.com 169w,"AUGUST 23, 2017",post,0, 
2486956.0, taylorswift Verified ...readyforit?Newsingle#LookWhatYouMadeMeDooutnow.Pre-order#reputation(linkinbio)andfindoutaboutticketsandmerchattaylorswift.com 169w,"AUGUST 23, 2017",post,0, 
1661290.0, taylorswift Verified ...readyforit?Newsingle#LookWhatYouMadeMeDooutnow.Pre-order#reputation(linkinbio)andfindoutaboutticketsandmerchattaylorswift.com 169w,"AUGUST 23, 2017",post,0, 
